,Post,neg,neu,pos,compound
0,"@picardonhealth @IvanSemeniuk @globeandmail @GairdnerAwards Apparently!
'There is evidence to suggest COVID-19 impa‚Ä¶ https://t.co/8X2QWnSsVS",0.0,1.0,0.0,0.0
1,"COMELEC RESOLUTION NO. 10730
Section 40. Covid-19 Preventive Measures, Health and Safety Protocols.‚Ä¶ https://t.co/fXnU0jZzqZ",0.0,0.909,0.091,0.0258
2,@donwinslow @WesternUnion After manage to cross from Covid-19 to an open world. We are inviting you to refresh your‚Ä¶ https://t.co/elalkzdIfp,0.0,1.0,0.0,0.0
3,"""Love Your Local"" community that is at risk of harm from Covid-19 and uphold their right to exist and enjoy life",0.267,0.381,0.352,0.4215
4,"@FoxNews @GOPChairwoman No matter what the Republicans party and parents say about Democrats.

Democrats is üíØ in th‚Ä¶ https://t.co/LuvgTGdBPR",0.0,0.864,0.136,0.0258
5,The weather is very niceüëçcome out and do the COVID-19 test and then go have a cup of Luckin coffeeüòò https://t.co/VRemc5Q3ef,0.0,0.763,0.237,0.4215
6,@SteveK_L_mayan @MaureenBuluma @Silvia_Wangeci @MaithaKarisa The Raila we knew could have not allowed the billions‚Ä¶ https://t.co/ljVbjOjmzy,0.192,0.808,0.0,-0.1695
7,COVID-19: No end in sight for Shanghai lockdown as cases surge even higher | World News | Sky News https://t.co/Sk9i7W5sQd,0.0,1.0,0.0,0.0
8,"whatsoever might have Covid-19.
Now, also consider that from the 01st April the Government are phasing out free Lat‚Ä¶ https://t.co/G5iDK4pNpa",0.0,0.769,0.231,0.5106
9,@GBNEWS Oh is that like the covid-19 deaths? https://t.co/vNuW0mrpAz,0.415,0.319,0.266,-0.34
10,"The government's finances have stood up better than expected in the face of the surge in Covid-19, but the governme‚Ä¶ https://t.co/ubRUG5MEeJ",0.0,0.756,0.244,0.4404
11,Notice how the experts on Brexit became experts on Covid-19 then they became geo-political experts then experts on‚Ä¶ https://t.co/DwFKyrJVFi,0.0,1.0,0.0,0.0
12,"üéûÔ∏è WATCH AGAIN 

@mariademertzis and Elizabeth McCaul, Member of the @ecb Supervisory Board discuss what risks the‚Ä¶ https://t.co/N282DljRQt",0.231,0.769,0.0,-0.2732
13,"New Zealand reports 14,120 new community cases of COVID-19 https://t.co/FLIWYipI5N",0.0,1.0,0.0,0.0
14,"Twitter Poll Results: After more than two years under lockdown regulations, President Cyril Ramaphosa announced the‚Ä¶ https://t.co/T4OkooRqaS",0.0,1.0,0.0,0.0
15,"@AfternoonBriefing I was wondering what the State of Affairs, with the Greek Patriarch, and the Greek Aged people's‚Ä¶ https://t.co/A9XPT4Bxvv",0.0,1.0,0.0,0.0
16,@BoonBroAus Is it because some studies have found treatment with hydroxychloroquine is associated with no beneficia‚Ä¶ https://t.co/lTcCTbsNuk,0.0,1.0,0.0,0.0
17,How to move from COVID-19 crisis pedagogy? üëâ 1 thing to do: invest in staff &amp; resources. @DrJamesBrunton at‚Ä¶ https://t.co/PUXAvcDFnn,0.0,1.0,0.0,0.0
18,"India registered 795 COVID cases, infection continues to decline

#COVID19 #COVID #coronavirus #Covid_19 #Corona‚Ä¶ https://t.co/uiY7xfAJwP",0.0,1.0,0.0,0.0
19,"#Shanghai reported 13,354 new #COVID_19 infections on Monday after the city conducted a citywide mass testing, the‚Ä¶ https://t.co/vrT5XRIGkd",0.0,1.0,0.0,0.0
20,Queanbeyan man dies as region records 408 new COVID-19 cases https://t.co/9RQ0Bo6TrK,0.302,0.698,0.0,-0.5994
21,"Laboum Haein has tested positive for covid-19.

Get well soon! üå±",0.0,0.792,0.208,0.2732
22,"@abcnews I was wondering what the State of Affairs, with the Greek Patriarch, and the Greek Aged people's care, whi‚Ä¶ https://t.co/BAfA8GnYEp",0.0,0.738,0.262,0.4939
23,"Andy Vermaut shares:Covid-19 can have long-term impacts on the brain, shows study: Researchers have found that subj‚Ä¶ https://t.co/iZoX3mvvk2",0.0,0.855,0.145,0.296
24,"New Zealand reports 14,120 new community cases of COVID-19 https://t.co/FupJnjtSvu",0.0,1.0,0.0,0.0
25,"Cases: 493,680,960 (+0) 
Deaths: 6,170,117 (+186) 
Recovered: 0 (+0) 
Active Cases: 493,680,960 (100%)
Completed Ca‚Ä¶ https://t.co/i0ozrWnSFA",0.196,0.804,0.0,-0.5994
26,"South Africans have until 16 April to comment on the draft Health regulations, as the Covid-19 pandemic will be man‚Ä¶ https://t.co/BMF2FDb1gB",0.0,1.0,0.0,0.0
27,"@BBCAfrica @okwoche All of a sudden, everyone agrees Ghana's economy was so solid prior to covid 19? Interesting...‚Ä¶ https://t.co/fN4N8afuyC",0.0,0.635,0.365,0.5574
28,IIT Mandi researchers elucidate molecular structure of endodomain of spike protein of COVID-19 virus‚Ä¶ https://t.co/XJyWxXqvl3,0.0,1.0,0.0,0.0
29,Associations of different medical specialities must join forces to give input to the government to help improve res‚Ä¶ https://t.co/Osj9wJFN6U,0.0,0.568,0.432,0.765
30,WTO IP Waiver ‚ÄòCompromise‚Äô on COVID-19 Vaccines ‚ÄòDeeply Concerning': Civil Society to European Leaders https://t.co/p10RZ3I1ed,0.0,1.0,0.0,0.0
31,66.1% of Victorians aged 18 and over have had three doses of a COVID-19 vaccine. 94.4% of Victorians aged 12 and over have had two doses,0.0,1.0,0.0,0.0
32,"India logs 795 new COVID-19 cases

https://t.co/d7MR99SIh5 https://t.co/QZOC33D28Z",0.0,1.0,0.0,0.0
33,Experts warn of a new wave of COVID-19 as cases rise across Japan | The Japan Times https://t.co/dprhPrWR0r,0.113,0.887,0.0,-0.1027
34,"India logs 795 new COVID-19 cases

https://t.co/8p3X70uTA7 https://t.co/Wu0hsSY9Yq",0.0,1.0,0.0,0.0
35,"India logs 795 new COVID-19 cases

https://t.co/xHEaB6Ur54 https://t.co/Avzd2tpq4H",0.0,1.0,0.0,0.0
36,"A COVID-19 Omicron subvariant‚Äîknown as #XE‚Äîhas been found in the #UnitedKingdom, said the World Health Organization‚Ä¶ https://t.co/TdzAOZkYFQ",0.0,1.0,0.0,0.0
37,@MdBreathe @nytimes LOL. More Ivermectin nonsense promotion. Are you still actually trying to use retracted papers‚Ä¶ https://t.co/IzK2gQPXBM,0.0,0.763,0.237,0.4215
38,Latest Update - The official UK government website for data and insights on coronavirus (COVID-19) -  UK summary -‚Ä¶ https://t.co/ZLZhLIysp6,0.0,1.0,0.0,0.0
39,"Covid-19 is still with us, so it‚Äôs important that we all go on doing simple things to protect our families and comm‚Ä¶ https://t.co/L6ofHCn9KI",0.0,0.794,0.206,0.3818
40,"DJ KENNY ENT. &amp; BAR-B-QUES PRESENTS
#BlantyreMasqueradeParty 
#BlantyreEnjoyment 
Blantyre People, there will also‚Ä¶ https://t.co/mvk2F0yCp7",0.0,1.0,0.0,0.0
41,Specialists in the retirement fund space addressed some issues including the impact of COVID-19 on death &amp; disabili‚Ä¶ https://t.co/CV0P5jImBY,0.245,0.755,0.0,-0.5994
42,"COVID-19 cannot be controlled at borders, and the challenges faced by India are challenges shared by the world. Ind‚Ä¶ https://t.co/Qar4CxSQqZ",0.0,0.833,0.167,0.296
43,"@CryptoTowno @CryptoTownAMA @cookie3_co As you know Covid-19 has a large impact in the crypto Market, So How can yo‚Ä¶ https://t.co/IP9Ink468F",0.0,1.0,0.0,0.0
44,‚ÄòBoozy‚Äô leaving do for woman who wrote Covid rules leads to ‚Äòpartygate‚Äô fines || Fixed penalty notices handed to at‚Ä¶ https://t.co/Gw0DAtbOBC,0.0,0.688,0.312,0.6124
45,COVID-19 Patients at Kemayoran Athletes Village Emergency Hospital Down to 127 https://t.co/hwab22yyjU,0.0,1.0,0.0,0.0
46,P13.5-B COVID-19 vax expiring in July! https://t.co/E6Vsqv0wdk,0.0,1.0,0.0,0.0
47,"@art_shue_ @Toby_Kerr Ontario fewer infections, 2x the pop no cloth mandate, now go share with your 0 followers

https://t.co/zkru9GQoFS",0.0,0.833,0.167,0.296
48,@BURMESEMOM @JuliaRaifman @WHCOVIDResponse @CDCDirector Doctors and nurses in the hospitals treating covid-19 virus‚Ä¶ https://t.co/8C5mJ1kuk5,0.0,0.69,0.31,0.4019
49,I heartly thank @DrKPSinghYadav ji &amp; all other MP&amp; Mlas of all parties for their support to fulfill the long standi‚Ä¶ https://t.co/OaPREAj1YN,0.0,0.658,0.342,0.6369
50,EasyJet cancels hundreds of flights after crews hit by Covid-19 https://t.co/0UXBlq3LLk,0.222,0.778,0.0,-0.25
51,Queanbeyan man dies as region records 408 new COVID-19 cases https://t.co/gwQRXRDSmJ,0.302,0.698,0.0,-0.5994
52,"""Growing public anger at draconian lockdown measures.""

#Covid_19 #covid19 #lockdown 
https://t.co/2XTaqgkaxi",0.381,0.619,0.0,-0.5719
53,Nigeria‚Äôs candidate COVID-19 vaccine ready in 18¬†months https://t.co/mKdwq6bNsa,0.0,1.0,0.0,0.0
54,Extremely boring March during the epidemic situation of covid-19. https://t.co/7pu8hPMbwN,0.25,0.75,0.0,-0.25
55,"Smart TV Industry Forecast Growth Drivers, Opportunities, Key Players, Future Plans and Regional Forecast 2027 | CO‚Ä¶ https://t.co/HYy6667ZqW",0.0,0.71,0.29,0.6486
56,"With mandatory isolation for COVID-19 ending in Germany as of May 1, a good time to remember that also other kinds‚Ä¶ https://t.co/Q0XfqU9I0s",0.0,0.613,0.387,0.743
57,Covid-19 alert in China: More than 25 million people were PCR tested in one day in¬†Shanghai https://t.co/hxYPyOriNe,0.0,0.833,0.167,0.296
58,Three passengers aboard Korean Air flight KE607 tested positive for COVID-19 upon arrival in Hong Kong on April 2. https://t.co/7tMdt0BJVK,0.0,0.932,0.068,0.0258
59,@YanezFarid @Arath_Alt @oscar_mezar Covid 19,0.0,1.0,0.0,0.0
60,Schools of Medicine &amp; Public Health: Remember your Anti-Racism statements from 2020? Anti-racism includes using the‚Ä¶ https://t.co/uiwtif1GkP,0.561,0.439,0.0,-0.9153
61,Grim reading but necessary information for everyone to consider.  https://t.co/FEaQVvOJD5,0.425,0.575,0.0,-0.5719
62,Associate Professor Julia Clark joins a panel discussion COVID-19 A global game changer at #RACPCongress 2022. Join‚Ä¶ https://t.co/xbSGxJBteq,0.0,0.732,0.268,0.5267
63,"Handy symptoms guide to allergies vs cold vs flu vs covid.

https://t.co/m2VZ9DUBsa 

#CovidOrAllergy",0.224,0.776,0.0,-0.3818
64,"Around 10,000 medical workers from several regions across China have arrived in #Shanghai in recent days to help th‚Ä¶ https://t.co/nisXG9b3mw",0.0,0.828,0.172,0.4019
65,"Hmm let me see 1,00.679.000 COVID deaths because of removing 3 billion from disease control and firing 80% of the p‚Ä¶ https://t.co/bOCg7m3PwE",0.344,0.656,0.0,-0.743
66,"@TheTorontoSun https://t.co/UM5GWKN2pP
‚ö†Ô∏èThe Timeline of COVID-19‚ö†Ô∏è MUST WATCH‚ÄºÔ∏è
Does experimental vaccines work wi‚Ä¶ https://t.co/3dA0y7gBTM",0.0,0.0,0.0,0.0
67,"Ukraine üá∫üá¶ -¬† Health &amp; Sanitation: 

Russia üá∑üá∫ needs to think of whatever Health &amp; Sanitation issues 

that may sta‚Ä¶ https://t.co/EjTLydWmVL",0.0,1.0,0.0,0.0
68,"@ayotem4real @Olawale_Obe @Tobbsticks @SodiqTade Lol, better let the dead sleep. No government in Oyo has invest on‚Ä¶ https://t.co/bv70XLGLIJ",0.269,0.375,0.356,0.1027
69,"@Yaw_Whyte If you really like paying taxes like u want us to believe, then why are u complaining? masa keep mute an‚Ä¶ https://t.co/2wpYloKV9f",0.214,0.44,0.346,0.34
70,"@BCPOGO75 @thehuman1981 @pondering2 @jjhorgan Pfizers EUA was based on ""intended prevention of covid-19"" https://t.co/ePZHIKJXHY",0.0,0.845,0.155,0.0258
71,"@CP24 https://t.co/UM5GWKN2pP
‚ö†Ô∏èThe Timeline of COVID-19‚ö†Ô∏è MUST WATCH‚ÄºÔ∏è
Does experimental vaccines work with Covid‚Ä¶ https://t.co/R9X738apmM",0.0,0.0,0.0,0.0
72,@StateHouseKenya @EACCKenya @DCI_Kenya @ODPP_KE @KenyaGovernors @ForeignOfficeKE @BaloziYatani @JaneMarriottUK The‚Ä¶ https://t.co/7ApSUtpD7n,0.0,1.0,0.0,0.0
73,"Chandigarh lifts all COVID-19 restrictions, no penalty for not wearing face mask in public places

#NewsAlert‚Ä¶ https://t.co/N1fJNwCaCc",0.191,0.809,0.0,-0.3818
74,"Doctors say AlphaMeta is the way to go for staying healthy https://t.co/ftLmFsgu1n link in video
#Health #Covid_19 #WeLoveYouJin",0.0,1.0,0.0,0.0
75,Countries which eased the #COVID-19 restrictions did so only after reaching high vaccine coverage &gt;70% of its popul‚Ä¶ https://t.co/k6Dq1rg7sS,0.188,0.58,0.232,-0.1027
76,"Due to Covid 19 pandemic, only 14.12 lakh tourists visited India in 2021, down from 1.09 crores in 2019: Data",0.0,1.0,0.0,0.0
77,I have finally recovered from Covid-19 and I‚Äôm out of isolation. Time to get back to art,0.0,1.0,0.0,0.0
78,"Health Minister Brad Hazzard has announced that the daily reported Covid-19 cases are likely a ""big underestimate""‚Ä¶ https://t.co/OzWOGrzb3C",0.0,0.828,0.172,0.3612
79,"""The lessons from the Covid-19 pandemic, along with the feedback I have received inside and outside the agency over‚Ä¶ https://t.co/eouvGZasgm",0.0,1.0,0.0,0.0
80,@Mala_Naicker @re4life @DrTinaPeers There exist no diagnostic criteria for VAED/VAERD (vaccine-associated enhanced‚Ä¶ https://t.co/z1lnbYj75j,0.0,1.0,0.0,0.0
81,Covid 19 vaccination ‚úåÔ∏è‚úåÔ∏è https://t.co/n0bE4Z0ke5,0.0,1.0,0.0,0.0
82,i was 19 when covid first hit NINETEEN i turn 22 this month wtf math isn't real and i hate everything,0.405,0.595,0.0,-0.8176
83,"Was sick yesterday
Decided to go work today like a fool
Co-worker: I thought you had Covid?
Me (who didn't get a te‚Ä¶ https://t.co/P0I6ngODza",0.315,0.558,0.127,-0.5719
84,More evidence that #Covidvaccination during pregnancy does not increase the risk to the foetus. #COVID19 #Covid_19‚Ä¶ https://t.co/Cwupzhgdn6,0.0,0.768,0.232,0.2057
85,"Now, a simple ECG can detect COVID-19 patients at high risk of¬†death https://t.co/4jqAicrIcH",0.462,0.538,0.0,-0.7184
86,"New #Covid19 cases in India remain below 1,000 for the second straight day.

Read all #coronavirus news and updates‚Ä¶ https://t.co/KS7HmKlw7N",0.0,0.84,0.16,0.2263
87,@ConHome #ToriesOut Tory government enabled a ¬£37billion fraud on #Covid_19 support schemes inUK. 1/3rd of NHS budg‚Ä¶ https://t.co/RJ8YQaCgcA,0.203,0.481,0.316,0.2732
88,The National State of Disaster aimed at curbing the spread of Covid-19 has come to an end 750 days after it was dec‚Ä¶ https://t.co/UxHkhB5xMC,0.0,1.0,0.0,0.0
89,"His hugs probably cure COVID

https://t.co/IgUCxpdVfw",0.0,0.492,0.508,0.4767
90,"Trump‚Äôs legacy-defining failure was a foreign policy that undermined America‚Äôs position in the world. In part, this‚Ä¶ https://t.co/5XT3aBuOnI",0.0,1.0,0.0,0.0
91,"LOOK: Here is the latest update on the government's COVID-19 vaccination program.

According to the National Vaccin‚Ä¶ https://t.co/o8JID03ccM",0.0,1.0,0.0,0.0
92,@schtinkygirl @DefenceU The whole world already understands that biological weapons in Ukraine are the cause of 680‚Ä¶ https://t.co/GVDn3aVbfd,0.216,0.784,0.0,-0.296
93,COVID-19 Vaccination During Early Pregnancy and Risk Congenital Fetal Anomalies https://t.co/DCQjcNXNHi via‚Ä¶ https://t.co/tQHgtbJ1ye,0.208,0.792,0.0,-0.2732
94,"New guidance has been released on the use of X and I subcodes in light of the Governments ""Living with Covid"" strat‚Ä¶ https://t.co/PYDG1VRoTf",0.0,1.0,0.0,0.0
95,"Uh oh ... üò¨

Queensland's COVID-19 vaccination mandate for cafes, pubs and clubs set to ease https://t.co/MW25KnD2EV via @ABCaustralia",0.0,1.0,0.0,0.0
96,"More than 90,000 people were vaccinated against COVID-19 during the special vaccination days set by the DOH. |‚Ä¶ https://t.co/kFRFhiVyeb",0.0,0.787,0.213,0.4019
97,"Shanghai reported more than 13,000 new Covid-19 cases on Tuesday as the city‚Äôs ongoing outbreak continued to surge‚Ä¶ https://t.co/IZDXoEdALf",0.0,1.0,0.0,0.0
98,"#Mizoram | Following a two-year hiatus induced by the unprecedented times of COVID-19, Mizoram schools have returne‚Ä¶ https://t.co/UIsPLu1fjS",0.0,1.0,0.0,0.0
99,Shanghai Extends Covid-19 Lockdown As Case Count Continues To Rise https://t.co/MTITRrrg3X,0.0,0.825,0.175,0.1779
100,"""The results proved that dyslipidemia is associated with increased severity and mortality of COVID-19. Therefore, w‚Ä¶ https://t.co/lpCOYpjAiU",0.0,1.0,0.0,0.0
101,"#Business #stocks Recovering from Covid, hospitality sector finds hiring tough
--&gt;Click here for more details‚Ä¶ https://t.co/BHqHnaStJX",0.129,0.69,0.181,0.1531
102,"Covid-19 can have long-term impacts on the brain, shows study https://t.co/rteOI8a3Z0",0.0,1.0,0.0,0.0
103,Esteemed colleagues and friends who have had #Covid_19. Is #relapse a thing? I was fully functional for a bit more‚Ä¶ https://t.co/OX4zSOTMzn,0.0,0.686,0.314,0.4939
104,"@DavidAnber I lost a friend to Covid 19 and frankly, your comments upset me.",0.405,0.331,0.264,-0.1779
105,"üö®üö®‚ÄúShanghai reported more than 13,000 new Covid-19 cases on Tuesday as the city‚Äôs ongoing outbreak continued to sur‚Ä¶ https://t.co/IDi1lrO2NB",0.0,1.0,0.0,0.0
106,@BoonBroAus @aus_spirit Extensive research has PROVEd it to be USELESS for COVID 19,0.295,0.526,0.179,-0.2732
107,"Dear Learner,
The 2nd session of the webinar series has been scheduled for 7th April 2022, Thursday by SOSW:
Topic:‚Ä¶ https://t.co/V4tDifmmM0",0.0,0.822,0.178,0.3818
108,Man in Germany gets 90 COVID-19 shots to sell forged passes https://t.co/VHs1whZnPn,0.0,1.0,0.0,0.0
109,The Pandemic Unemployment Payment is ending. It was introduced as the Covid-19 pandemic hit in March 2020 and was i‚Ä¶ https://t.co/ONJSd4LL3I,0.0,1.0,0.0,0.0
110,@ifixhearts Would that include avoiding COVID-19 mRNA vaccines?,0.268,0.732,0.0,-0.296
111,"Queensland¬†will end its¬†COVID-19 vaccine mandate¬†for a range of venues including pubs, clubs, cafes, restaurants, c‚Ä¶ https://t.co/b5mSfLT1UC",0.0,1.0,0.0,0.0
112,German man suspected of getting more than 87 Covid shots so he could sell fake vaccination certificates‚Ä¶ https://t.co/cOTz5TJOMz,0.346,0.654,0.0,-0.6486
113,"To my biological, earth father,  üôè To those who died in Ukraine üá∫üá¶ war, Covid-19, Shootings, Sickness,  Rest in Pea‚Ä¶ https://t.co/uMAVQ49wdd",0.628,0.372,0.0,-0.926
114,"We are near you everywhere, check out our locations across the UAE.

Contact us through WhatsApp:
800-8645227

Unil‚Ä¶ https://t.co/RkXKQYdlym",0.0,1.0,0.0,0.0
115,"University of Pretoria: ‚ÄòThe COVID-19 pandemic helped create a stronger hybrid approach to community engagement‚Äô, U‚Ä¶ https://t.co/dQQ7JegSfe",0.0,0.654,0.346,0.6486
116,"@jjhorgan In February I tested positive for Covid-19.
Fortunately my symptoms were mild due to being healthy and NO‚Ä¶ https://t.co/vB0tum5QW8",0.0,1.0,0.0,0.0
117,"Read our new paper examining how COVID-19 impacted on the delivery of social prescribing - led by @westlake_debra 

https://t.co/rX9IKbuJFW",0.0,1.0,0.0,0.0
118,Canada‚Äôs hospital capacity crisis will remain long after the pandemic is over /via @globeandmail https://t.co/4eL4lduVA9,0.0,1.0,0.0,0.0
119,Source: DSS data to Senate COVID-19 Committee: https://t.co/8SJRXDPZHn,0.0,1.0,0.0,0.0
120,In #Syria less than 10% of population are vaccinated to get protection from #COVID19. Vaccines are now available to‚Ä¶ https://t.co/LvBiYZlFaC,0.0,0.729,0.271,0.3818
121,https://t.co/6A6iXfJwlV Face masks may remain after July 19 reopening after Covid surge fears https://t.co/1vz7LW6bGC,0.0,0.0,0.0,0.0
122,"@jacob_633 @VicGovDH @NSWHealth @ama_media @VictorianLabor Jacob, bw the 19th and 26th of March, NSW reported a dou‚Ä¶ https://t.co/Hyr8ijCDxn",0.0,1.0,0.0,0.0
123,"IndiGo, currently India‚Äôs largest private airline carrier, has suspended a number of its pilots who were planning t‚Ä¶ https://t.co/r9MXyaSzqe",0.183,0.714,0.103,-0.25
124,Friend of mine ECV and her Mum ECV (both have no immunity) have tested positive for #Covid_19 and can not get any a‚Ä¶ https://t.co/dx6G5327fK,0.0,0.758,0.242,0.4939
125,We also used it massively here to treat Covid-19 https://t.co/FUe9F9z4Lt,0.0,0.649,0.351,0.4019
126,IIT Mandi Researchers Elucidate The Molecular Structure Of Endodomain Of The Spike Protein Of The COVID-19 Virus‚Ä¶ https://t.co/xev28mKhSa,0.0,1.0,0.0,0.0
127,#Shanghai extended restrictions on transportation on Tuesday after a day of intensive city-wide testing and saw new‚Ä¶ https://t.co/PBtkHYZCtO,0.195,0.677,0.128,-0.2263
128,"#IndiaFightsCorona:

üìçMore than 4 Lakh (4,66,332) #COVID19 samples tested in the last 24 hours.

‚úÖTogether, we can‚Ä¶ https://t.co/ePVcW6gVNi",0.0,1.0,0.0,0.0
129,@uksciencechief It would seem that the window of opportunity for ending the COVID-19 pandemic is closing because of‚Ä¶ https://t.co/i2AUumjYbj,0.0,1.0,0.0,0.0
130,"Cases: 493,680,960 (+5,942) 
Deaths: 6,169,931 (+0) 
Recovered: 0 (+0) 
Active Cases: 493,680,960 (100%)
Completed‚Ä¶ https://t.co/26AkjuAgGS",0.206,0.794,0.0,-0.5994
131,"Chrisette Michele ‚Äì Another One MP3 DOWNLOAD
https://t.co/Quj1Ij0tPH
covid-19, biden, Ukraine, Putin, Russia, music‚Ä¶ https://t.co/XoOmdDJPSH",0.0,1.0,0.0,0.0
132,"The Antlers ‚Äì Two MP3 DOWNLOAD
https://t.co/cSEWkLMsoo
covid-19, biden, Ukraine, Putin, Russia, music, song, hipop,‚Ä¶ https://t.co/cr8JY4mVOp",0.0,1.0,0.0,0.0
133,"Arcade Fire ‚Äì Keep The Car Running MP3 DOWNLOAD
https://t.co/TGCwpTC537
covid-19, biden, Ukraine, Putin, Russia, mu‚Ä¶ https://t.co/JXAItweUOh",0.286,0.714,0.0,-0.34
134,"Fastball ‚Äì The Way MP3 DOWNLOAD
https://t.co/lNjMax9fkn
covid-19, biden, Ukraine, Putin, Russia, music, song, hipop‚Ä¶ https://t.co/11hZmYLRM4",0.0,1.0,0.0,0.0
135,"Young Jeezy ‚Äì Soul Survivor ft. Akon MP3 DOWNLOAD
https://t.co/g1o3QdRI4z
covid-19, biden, Ukraine, Putin, Russia,‚Ä¶ https://t.co/ryZHOxnuu7",0.0,0.737,0.263,0.3612
136,"Daily Graphic: 

üì∞ Destination Ghana launched: Project targets a million tourists from UK, Europe annually
üì∞ Govt s‚Ä¶ https://t.co/oSpx9lAjq0",0.0,1.0,0.0,0.0
137,"They don't do 'family meetings' in Shanghai, a robodog just does the work ü§ñ

#DarrenKeriSkyOnECR #lockdownextension‚Ä¶ https://t.co/TEQV5Yjqd2",0.0,1.0,0.0,0.0
138,"How Genomic Epidemiology is tracking the spread of COVID-19 locally and globally?
Continue reading to gain insight‚Ä¶ https://t.co/KK5XXE2Oq3",0.0,0.764,0.236,0.5267
139,"SMOKING GUN PROOF CDC COVERED UP FLU CASES: Directly from CDC's website, scroll down to ""Summary of the Geographic‚Ä¶ https://t.co/O4CbzyBf5C",0.312,0.688,0.0,-0.6124
140,Pfizer Covid-19 Vaccine increases Children‚Äôs risk of Death by 5100% according to the Office for National Statistics‚Ä¶ https://t.co/LCL3tFna6o,0.353,0.647,0.0,-0.7184
141,Ivanka rebelling against Russia. (The Ivanka symbolizes how social media is ironically actually isolating us.) (with COVID-19).,0.118,0.882,0.0,-0.1531
142,"Very strong evidence, can there be any rebuttal?
#COVID19
#COVID-19
#COVID
#Omicron
https://t.co/FIZJfvxmey https://t.co/lfnzbWkHCu",0.0,0.476,0.524,0.5106
143,@NainNaik the following link  https://t.co/8barATh1ar,0.0,1.0,0.0,0.0
144,"@TessaGrawe @KdramaKpopFan1 @cloudsgabs @S0P3WRLD @AllegiantStadm Its actually very true.  This ""vaccine"" compromis‚Ä¶ https://t.co/yfGps90WPR",0.0,0.517,0.483,0.4215
145,"adidas Originals Superstar Foundation Sneaker - Womens Shoes - https://t.co/5I5z4fGSYg
#COVID-19 #ladies #shoes‚Ä¶ https://t.co/dkaLhL7Zoa",0.0,1.0,0.0,0.0
146,Moscow Lifts COVID-19 Travel Restrictions on Flights from¬†Egypt https://t.co/IJwFdDT36C,0.271,0.729,0.0,-0.3818
147,Using nudges to change behaviors during the COVID-19 pandemic - https://t.co/xTJTOPPQ5H{ https://t.co/2HGMGvwvLc,0.0,1.0,0.0,0.0
148,@MegaMAGA_Mat @DanielJW_NZ @RReidFU @sootytweet @Dame__Jane @alex_nz_1 @nzhotdog1 Some articles attempt to dismiss‚Ä¶ https://t.co/bV4wX205az,0.0,1.0,0.0,0.0
149,Numerous Health Problems More Likely Due to COVID-19 Vaccines Than Coincidence: VAERS Data Analysis #DataAnalysis‚Ä¶ https://t.co/o8I5h6x4cm,0.178,0.658,0.164,-0.0516
150,UNE graduatuion ceremonies to be held for first time since COVID-19 began https://t.co/9FoK2HLXBF,0.0,1.0,0.0,0.0
151,PM Modi dials Israel PM Naftali Bennett; confirms 'he is recovering well from COVID-19' https://t.co/LWv8X2Enpk,0.0,0.84,0.16,0.2732
152,"A ministerial-level meeting by mid-April would make the final decision on the #pooram.
With #Thrissur reporting onl‚Ä¶ https://t.co/RZt8Suxb7c",0.0,1.0,0.0,0.0
153,Shanghai Extends Covid-19 Lockdown As Case Count Continues To Rise https://t.co/oAxd5CfXwH https://t.co/wib8Dc7FgL,0.0,0.825,0.175,0.1779
154,"""They fight with the ocean every day and bring smiles to many faces when they reach the shore.""
Wishing a very ùóõùóÆùóΩùóΩ‚Ä¶ https://t.co/6fbPSNU5Cl",0.164,0.44,0.396,0.4019
155,Can COVID-19 alter your personality? Here's what brain research shows. https://t.co/cpaGGwRVnB via @NatGeo,0.0,1.0,0.0,0.0
156,@bts_kiee @theprojecttv posted a video where they edited Taehyung part as like he was spreading COVID-19. But it's‚Ä¶ https://t.co/eFlUxQDnzZ,0.0,0.783,0.217,0.3612
157,Post Edited: Senate negotiators: Agreement reached for $10B package for countering COVID-19 https://t.co/fbOWrN3NXC https://t.co/bRmOBnUTcM,0.0,0.677,0.323,0.5106
158,"What better way to celebrate my 2 year anniversary of having OG 2020 Covid-19??? 

üéâGetting the Spring 2022 version‚Ä¶ https://t.co/GQSUHNCBRD",0.0,0.805,0.195,0.4404
159,Sir David Amess trial delayed due to Covid-19 cases  https://t.co/gGN0T5zV07 https://t.co/yUatJGyAPk,0.223,0.777,0.0,-0.3182
160,"ÔºπÔΩÖÔΩìÔΩîÔΩÖÔΩíÔΩÑÔΩÅÔΩô'ÔΩì Ôº¥ÔΩèÔΩê Ôºì Ôº∂ÔΩâÔΩÖÔΩóÔΩÖÔΩÑ

·ëéO 1

üá∫üá∏ Masks Come Off As Companies Ease Their Pandemic Protocols

‚ñ´JPMorgan, Verizon am‚Ä¶ https://t.co/KLPonLBr0z",0.0,1.0,0.0,0.0
161,Facebook Meta Says Employees No Longer Need COVID-19 Vaccine Boosters To Come To US¬†Offices https://t.co/pWsO5L4HXO,0.0,1.0,0.0,0.0
162,@wealthytalkz @MetaMate_NFT Do token holders have right to participate in the governance of the project? On What ki‚Ä¶ https://t.co/9Mdtef7BKD,0.0,1.0,0.0,0.0
163,"Hi @ZimiiM, thanks for getting in touch. We do not offer COVID-19 Testing, unfortunately.",0.0,0.783,0.217,0.3612
164,"For the first time since the outbreak of Covid-19, sales of Pret A Manger espressos and croissants at London‚Äôs airp‚Ä¶ https://t.co/W45Bya6nYP",0.0,1.0,0.0,0.0
165,SA Property Market Bears Brunt of¬†Covid-19 https://t.co/cYIgw4Vueq,0.0,1.0,0.0,0.0
166,#WorldJabNews :   Numerous Health #Problems More Likely Due to #COVID-19 #Vaccines Than Coincidence: VAERS Data Ana‚Ä¶ https://t.co/E8XsQiP4km,0.0,0.762,0.238,0.3612
167,"COVID-19: No end in sight for Shanghai lockdown as cases surge even higher - Sky News

https://t.co/1LL5tupcQO‚Ä¶ https://t.co/qahiaNJoGX",0.0,1.0,0.0,0.0
168,@eddieliuwho I haven‚Äôt been in target since 2019 or 2020 before the Covid-19. I was planning to apply working there‚Ä¶ https://t.co/Y3ayNjGmRX,0.0,1.0,0.0,0.0
169,"@JamesMelville üòÇüòÇüòÇüò±

People are turning to unusual and inventive masks to beat COVID-19

https://t.co/uXtWvLt9rD https://t.co/IJBA0H7NJV",0.0,1.0,0.0,0.0
170,UPDATED. Thousands of Shanghai residents are being locked up in rudimentary 'central quarantine' facilities after t‚Ä¶ https://t.co/fQa5dCv1VB,0.0,1.0,0.0,0.0
171,@Anhreview @EnginesOfFury Do token holders have right to participate in the governance of the project? On What kind‚Ä¶ https://t.co/GiOpZsfONT,0.0,0.638,0.362,0.5267
172,"Teeranai Sottipinta, from the Publishers and Booksellers Association of Thailand (PUBAT), tells us why the 2022 boo‚Ä¶ https://t.co/RqEQW8FDQg",0.0,1.0,0.0,0.0
173,Dictator Xi Jinping is Destroying the Chinese economy with his #Zero Wuhan #CCP Virus COVID-19 ü¶† policy‚Ä¶ https://t.co/nQX67ygBvF,0.259,0.741,0.0,-0.5423
174,One casualty of Covid-19 may be late meals in Catalonia. Friends here were confused when to eat dinner after the lo‚Ä¶ https://t.co/sX5VmoylZm,0.0,0.789,0.211,0.4939
175,"Don't let Covid-19 bring you down! Instead, cook dinner for the family.",0.0,1.0,0.0,0.0
176,@nicd_sa Your tweet was quoted in an article by News24 https://t.co/CJA9Wy6lcD,0.0,1.0,0.0,0.0
177,HomeServe accelerates performance amid Covid-19 headwinds https://t.co/ybmQ7somqG,0.0,1.0,0.0,0.0
178,"‚ö†Ô∏èChoose your day, don't forget to RSVP, and comply with Covid-19 Healty Protocolsüò∑üò∑ 

üìç Pendhapa Art Space Galery‚Ä¶ https://t.co/B6zBhBIwye",0.137,0.863,0.0,-0.2263
179,"The Roots ‚Äì The Seed (2.0) ft. Cody ChesnuTT MP3 DOWNLOAD
https://t.co/CLNjhNzYCo
covid-19, biden, Ukraine, Putin,‚Ä¶ https://t.co/MGIGvqHfFf",0.0,1.0,0.0,0.0
180,"The White Stripes ‚Äì Seven Nation Army MP3 DOWNLOAD
https://t.co/O6joqNWmnI
covid-19, biden, Ukraine, Putin, Russia,‚Ä¶ https://t.co/vOO6tKu00l",0.0,1.0,0.0,0.0
181,Dr.s have long been concerned about the potential impact of a ‚Äútwindemic‚Äù with influenza cases rising as covid-19 c‚Ä¶ https://t.co/I7TGd9YlUq,0.0,1.0,0.0,0.0
182,"T.I ‚Äì What You Know MP3 DOWNLOAD
https://t.co/BdWZiEHIFJ
covid-19, biden, Ukraine, Putin, Russia, music, song, hipo‚Ä¶ https://t.co/0YfK7ZTQLk",0.0,1.0,0.0,0.0
183,"50 Cent ‚Äì P.I.M.P MP3 DOWNLOAD
https://t.co/YRQK4D9bcJ
covid-19, biden, Ukraine, Putin, Russia, music, song, hipop,‚Ä¶ https://t.co/krPUgLnJ9J",0.0,1.0,0.0,0.0
184,"Ryan Adams ‚Äì Call Me on Your Way Back Home MP3 DOWNLOAD
https://t.co/nOSwc87T70
covid-19, biden, Ukraine, Putin, Ru‚Ä¶ https://t.co/OBVvhfT716",0.0,1.0,0.0,0.0
185,"@CarolBu25108926 @Suzyiam You were saying ?
https://t.co/OPmi5eS49s https://t.co/VKFaMeMk3P",0.0,1.0,0.0,0.0
186,@dawn_com Congratulations to PTI effectively handling COVID-19 üëçüëå,0.0,1.0,0.0,0.0
187,@stereopsis99 @ellymelly I have yet to encounter a single person &lt;19 that did not have any comorbidities that was k‚Ä¶ https://t.co/hpocaoGFmO,0.0,1.0,0.0,0.0
188,Global COVID-19 cases cross 488.94¬†million https://t.co/wX1qLr7JbH,0.0,1.0,0.0,0.0
189,Global COVID-19 cases cross 488.94¬†million https://t.co/Ua4PUoEID7,0.0,1.0,0.0,0.0
190,@spectatorindex And not because of COVID-19‚Ä¶,0.0,1.0,0.0,0.0
191,"Recombinant variants happen over and over. In fact, the reason that this is the XE variant recombinant is that we'v‚Ä¶ https://t.co/sbAoDgyLub",0.0,1.0,0.0,0.0
192,Vulnerable Hooligan Forced To Pay $6 To Indigenous COVID-19 Victim,0.545,0.455,0.0,-0.6124
193,"@praveeng78 Hello Praveen, you don't need to undergo a PCR test to transit through Dubai, check here‚Ä¶ https://t.co/OENuyQMlzU",0.0,1.0,0.0,0.0
194,"Official data show an estimate of 562,000 passenger trips were made during the #QingmingFestival holiday (Apr 3-5),‚Ä¶ https://t.co/qZEL1Kditi",0.0,0.787,0.213,0.4019
195,"Global COVID-19 Update (5 April 2022)

Confirmed cases - 492.8 million

Recoveries - 428.2 million

Deaths - 6.17 m‚Ä¶ https://t.co/8z8o6jMstF",0.218,0.782,0.0,-0.5994
196,"COVID-19 Update.
For More Information Visit: https://t.co/HIBtLsewQa",0.0,1.0,0.0,0.0
197,"üö¶This incident mysteriously surfaced right after Russia exposed the #bio_labs in Ukraine;  (#Covid_19)

üî¥Zelensky v‚Ä¶ https://t.co/5ZjVlNPpbI",0.0,1.0,0.0,0.0
198,LOCKDOWN ENDS | These are the 3 remaining Covid-19 lockdown rules from Tuesday https://t.co/uy28eCu1qo via @businessinsider,0.0,1.0,0.0,0.0
199,"DOH: 90,000 people jabbed vs COVID-19 during special vaccination days https://t.co/LakEEJdOKO https://t.co/rqCgsELaSI",0.0,0.787,0.213,0.4019
200,[Stigmabase IE] Bonds with pets linked to depression during Covid-19 lockdown: People with strong attachments to th‚Ä¶ https://t.co/6lvkR1gmRz,0.183,0.629,0.189,0.0258
201,"[Stigmabase UK] Covid-19 lockdown saw increased depression, food insecurities in women - Here's why: ""Not having ac‚Ä¶ https://t.co/PsbuE8lX1S",0.211,0.789,0.0,-0.4939
202,@miamalan @Bhekisisa_MG @ProfAbdoolKarim @AkSafs @A_AbdoolKarim @nicd_sa @GillianYoungBe1 @RomanCabanac take note:‚Ä¶ https://t.co/qZGIoY2T0T,0.0,1.0,0.0,0.0
203,"@Kodiak504 @ladyndewgreen88 I was Being Sarcastic, about the covid 19 was the best they could Do you would think Th‚Ä¶ https://t.co/VhFiEBpMmN",0.0,0.625,0.375,0.6369
204,@ALittleSail0r @sarahbeth345 Why can‚Äôt COVID-19 antibody tests be used to assess vaccine acquired immunity? I‚Äôd rat‚Ä¶ https://t.co/hfJIotOqFP,0.0,1.0,0.0,0.0
205,"Antibiotics do not treat #COVID19 or the flu.  

Patients with severe COVID-19 symptoms who develop bacterial co-in‚Ä¶ https://t.co/I85QzQOvRI",0.156,0.692,0.151,-0.0191
206,@OppThumb @HomeschoolSage @TrishtheDish_7 @OppThumb so you‚Äôre calling authoritive and respected sources like Bloomb‚Ä¶ https://t.co/QILSUc8Bvt,0.0,0.417,0.583,0.6808
207,"@SabinehazanMD Australian Triple-therapy for Covid-19, ZIVERDOX: (Ivm + Doxy + Zinc). IVM has the potential to end‚Ä¶ https://t.co/1i2kwOR85u",0.0,1.0,0.0,0.0
208,Cough and sneezes should be covered and hands should be kept clean to prevent the spread of dangerous respiratory i‚Ä¶ https://t.co/gBgbLrjEXc,0.207,0.366,0.427,0.3818
209,@SotonGayBloke I blame the Government for making it so. It‚Äôs still a #virus and still very infectious with differen‚Ä¶ https://t.co/JtME7wPoOu,0.286,0.714,0.0,-0.34
210,"Prohibit Discrimination COVID-19 Vaccine Status is scheduled for House Health &amp; Insurancetomorrow, 2022-04-06, at 1‚Ä¶ https://t.co/eGdo3z9N6Q",0.0,1.0,0.0,0.0
211,‚Äù2022 has not started good in terms of putting the breaks on for further population decline in the Murmansk region.‚Ä¶ https://t.co/dPPic9zsoJ,0.194,0.806,0.0,-0.3412
212,Thane district logs six COVID-19 cases https://t.co/OqmpbCGqt4,0.0,1.0,0.0,0.0
213,And #Covid_19 cases can potentially lead to #LongCovid. So even though hospitization and mortality is being avoided‚Ä¶ https://t.co/e3tTRNSWDz,0.216,0.784,0.0,-0.296
214,@KhanyaMsika COVID-19 is still there killing people,0.54,0.46,0.0,-0.6908
215,"Samoa reduces its Covid-19 alert level
https://t.co/24LWIVZoz8
Samoa will downgrade its Covid-19 alert to level 2 t‚Ä¶ https://t.co/5KBwduRBaz",0.0,0.694,0.306,0.296
216,"the mentions of covid-19 and the coughing sound effects/particles were so unnecessary, at this point yall‚Äôs ‚Äújokes‚Äù‚Ä¶ https://t.co/2prxryamfM",0.0,0.82,0.18,0.296
217,@IntnCrimCourt: @FortDetrick RELEASED COVID-19 GENOCIDING 100 MILLION PEOPLE YET @POTUS @VP @USDoDGov @CIA @NSAGov‚Ä¶ https://t.co/WGyRT1fIq4,0.0,1.0,0.0,0.0
218,"Lancaster police sergeant wins award for Covid-19 work
https://t.co/tz1d9Qd0O3",0.0,0.451,0.549,0.8074
219,"In partnership with the Girl Scouts of the Philippines (GSP), SM Supermalls is targeting to vaccinate over 700,000‚Ä¶ https://t.co/nSKnpFfDdB",0.0,1.0,0.0,0.0
220,"In partnership with the Girl Scouts of the Philippines (GSP), SM Supermalls is targeting to vaccinate over 700,000‚Ä¶ https://t.co/wWmNociGpY",0.0,1.0,0.0,0.0
221,"#COVID19 has put ü©∫ health literacy at the centre of attention. In India, 80% of newly literate women were aware of‚Ä¶ https://t.co/ZJikbRIdJx",0.0,1.0,0.0,0.0
222,"Appart from the ‚Äúparliament was under siege‚Äù daft remark‚Ä¶

bang on NZ is over Arderns theatrics at the podium and w‚Ä¶ https://t.co/rhNOGSAgcb",0.0,1.0,0.0,0.0
223,"So then how shall we live?
#Covid_19 closed church buildings around the world. How many of us buy salt but never us‚Ä¶ https://t.co/0RqBZQyFGZ",0.0,1.0,0.0,0.0
224,"Severely immunocompromised people have a suboptimal response to COVID-19 vaccines, compared to immunocompetent peop‚Ä¶ https://t.co/UtkFdFrToc",0.0,1.0,0.0,0.0
225,"Covid 19 Status in North-East as on 05 April, 2022 at 8am
#IndiaFightsCorona https://t.co/AjAA7K32HP",0.0,1.0,0.0,0.0
226,"On 4 April 2022, President Cyril Ramaphosa announced that the National State of Disaster, imposed as response to th‚Ä¶ https://t.co/0c7sHO7hGv",0.0,1.0,0.0,0.0
227,"@trentwaugh @GCTitans With Brian Kelly ruled out of Round 5 due to COVID-19 protocols,",0.0,1.0,0.0,0.0
228,Updated hours for our COVID-19 Vaccination Clinic https://t.co/gYzTC1XqF2,0.0,1.0,0.0,0.0
229,[Response] Department of Corrections replied about Corrections COVID-19 policies https://t.co/riFjNTB0Um,0.0,1.0,0.0,0.0
230,[Clarification] Cameron Baxter about Corrections COVID-19 policies https://t.co/yNgY4tdoYc,0.0,1.0,0.0,0.0
231,"@IrishTimes ‚ÄúI‚Äôm inspired by how science fought Covid-19. Can you recommend a college course‚Äù

20th Century Literat‚Ä¶ https://t.co/UaZs3X9iko",0.167,0.652,0.181,0.0516
232,High incidence of Omicron infections despite a recent booster vaccination in triple vaccinated individuals. Vaccine‚Ä¶ https://t.co/mH1fy1McR7,0.0,1.0,0.0,0.0
233,"If you live in Cheshire, we would like to talk to you about your experience of support and advocacy since March 202‚Ä¶ https://t.co/hBwugBv4fi",0.0,0.634,0.366,0.6369
234,td {border: 1px solid #ccc;}br {mso-data-placement:same-cell;}IT Staff Augmentation: Before and After Pandemic (Cov‚Ä¶ https://t.co/sLW49lZZQn,0.0,0.882,0.118,0.1531
235,U.S. Congress announces deal on $10 billion in COVID-19 funding https://t.co/RXN3QO26tr https://t.co/mKuGtcUU08,0.0,1.0,0.0,0.0
236,Counties With Highest Vaccination Rates See More COVID-19 Cases Than Least Vaccinated https://t.co/zC9EpvDiLT via @epochtimes,0.0,1.0,0.0,0.0
237,Shanghai Extends Covid-19 Lockdown As Case Count Continues To Rise https://t.co/YMr2ERGeOL,0.0,0.825,0.175,0.1779
238,"Although closed due to COVID-19, put @1959 Kitchen &amp; Bar on your ""must do"" list for your next trip to #Chicago. A‚Ä¶ https://t.co/Dwl3j1MUJN",0.0,1.0,0.0,0.0
239,"Confirmation today via @benrileysmith that a leaving do for Kate Josephs, ex-head of the Gov's covid-19 taskforce,‚Ä¶ https://t.co/HgSQAGFbov",0.0,1.0,0.0,0.0
240,Shanghai on Monday finished collecting samples for nucleic acid testing from over 24 million residents as part of t‚Ä¶ https://t.co/6Q0KRUz9Tt,0.0,1.0,0.0,0.0
241,"Pakistan reports 155 COVID-19 cases in 24 hours
https://t.co/nMcV0BI9fW
#CoronavirusPakistan #COVID19 https://t.co/qPTf4jdrSW",0.0,1.0,0.0,0.0
242,"üëâWeekly #Covid_19 hospital admissions in England üè¥Û†ÅßÛ†Å¢Û†Å•Û†ÅÆÛ†ÅßÛ†Åø in the last 12 months per age groups. 

4/4

85+ yo https://t.co/vQVyStL7Ue",0.0,1.0,0.0,0.0
243,Sir David Amess trial delayed due to Covid-19¬†cases https://t.co/xaesEGEkRo,0.223,0.777,0.0,-0.3182
244,"üëâWeekly #Covid_19 hospital admissions in England üè¥Û†ÅßÛ†Å¢Û†Å•Û†ÅÆÛ†ÅßÛ†Åø in the last 12 months per age groups. 

3/

        18-64‚Ä¶ https://t.co/m7DbI77fOt",0.0,1.0,0.0,0.0
245,"üëâWeekly #Covid_19 hospital admissions in England üè¥Û†ÅßÛ†Å¢Û†Å•Û†ÅÆÛ†ÅßÛ†Åø in the last 12 months per age groups. 

2/

        0-5 yo‚Ä¶ https://t.co/xS38ahxQOp",0.0,1.0,0.0,0.0
246,"31 policemen succumbed to Covid-19 during second wave in Tamil Nadu: Study

31 policemen succumbed to Covid-19 duri‚Ä¶ https://t.co/E8Offf9qTS",0.0,1.0,0.0,0.0
247,All a money making scam of the Democratic party siding with China All In cahoots with the CDC as well.... You know‚Ä¶ https://t.co/lN6WhXtY16,0.25,0.608,0.142,-0.3818
248,"üëâWeekly #Covid_19 hospital admissions in England üè¥Û†ÅßÛ†Å¢Û†Å•Û†ÅÆÛ†ÅßÛ†Åø in the last 12 months per age groups. 

1/ https://t.co/ON5dhhbS8z",0.0,1.0,0.0,0.0
249,"#Google, #Twitter And #Apple Reopen Offices In India As COVID-19 Cases Dip. Details

https://t.co/ddk5xqIZV5",0.0,1.0,0.0,0.0
250,We have been separated from our loved ones and friends due to the covid 19 pandemic in the world 2022 Summer It's t‚Ä¶ https://t.co/eUU2HTWSoE,0.0,0.549,0.451,0.8126
251,"We‚Äôre running more COVID-19 vaccine pop-up clinics this week üëáüèΩ
Walk-in and get a free Pfizer vaccine ‚Äì no booking‚Ä¶ https://t.co/9dz8zjAhjI",0.0,0.784,0.216,0.5106
252,Abdel Abqar &gt; Settat &gt; Ibn Khaldun &gt; Liberalism &gt; Ali Shariati &gt; B. F. Skinner &gt; Child support &gt; Adoption &gt; The bir‚Ä¶ https://t.co/hQx8teLKiw,0.0,0.342,0.658,0.9451
253,Super honored to be part of this @theNASEM  visionary publication outlining opportunities for Tackling Tuberculosis‚Ä¶ https://t.co/Srp5hXfy79,0.0,0.496,0.504,0.7964
254,"So just over 2 years we've avoided the Rona and 1 trip to London later, boom. Feel shocking too. Don't catch covid.‚Ä¶ https://t.co/KTrfOpj4Mj",0.348,0.652,0.0,-0.5859
255,"https://t.co/AmUfJytjV0 | The post-lockdown rules now in effect, including hugging at schools and closed border pos‚Ä¶ https://t.co/CwUt383tYo",0.0,0.0,0.0,0.0
256,"Four findings: 1. Cardiac impairment, mainly non-myocarditis, was common (19% at 6 months) and commonly persisted (‚Ä¶ https://t.co/nnuY39hon9",0.0,1.0,0.0,0.0
257,"To overcome travelling constraints imposed by Covid-19, the course will be delivered as ‚Äòlive‚Äô online lectures by P‚Ä¶ https://t.co/xFhtEWXw4u",0.0,1.0,0.0,0.0
258,"@hvs_ventures @MetaMate_NFT COVID 19 has slowed down many economies around the world but as a crypto business, does‚Ä¶ https://t.co/MFuJKf4wh2",0.0,1.0,0.0,0.0
259,The impact of gardening on mental resilience in times of stress: A case study during the COVID-19 pandemic in Singa‚Ä¶ https://t.co/u9f2yiw4DN,0.203,0.797,0.0,-0.4215
260,"This is a contentious topic, but our ability to assess and mitigate risk on an individual level depends on understa‚Ä¶ https://t.co/Yt4MW43DMe",0.189,0.811,0.0,-0.2732
261,"Reach out to me if you want a copy of the paper - 

Teleworking: How COVID-19 Work From Home Policies are Redefinin‚Ä¶ https://t.co/PUd6uJYfxy",0.0,0.789,0.211,0.1027
262,our new study looks at the estimation of sleep problems among pregnant women during COVID-19 pandemic: a systematic‚Ä¶ https://t.co/L2SHSOerkr,0.184,0.816,0.0,-0.4019
263,"#TheMedicineBox | Should not be worried about long COVID-19 as earlier, says Dr Tushar Shah who has treated about 2‚Ä¶ https://t.co/pjYhgEfebH",0.0,0.787,0.213,0.4019
264,COVID-19 cases tick up in 20 states as hospitalizations continue to fall https://t.co/swNMxNKy7C,0.0,1.0,0.0,0.0
265,"Ontario marks highest COVID-19 test positivity since mid-January, hospitalizations up by 30% https://t.co/tWA1uiUd4K via @Yahoo",0.0,1.0,0.0,0.0
266,These reforms and programs made the Philippines one of the economic leaders in the region. The same reforms helped‚Ä¶ https://t.co/3PI6LOPG1Q,0.0,0.769,0.231,0.4019
267,"The maximum daily nucleic acid testing capacity in #Shanghai has reached 4 million tubes, with the strong support o‚Ä¶ https://t.co/DTbOATscSb",0.0,0.53,0.47,0.7269
268,Emirates SkyCargo has transported more than 1 billion doses of Covid-19 vaccines within a span of 18 months from th‚Ä¶ https://t.co/DNJN9WlLPw,0.0,1.0,0.0,0.0
269,Philippines Covid-19 vaccine wastage at 2% of total inventory https://t.co/CbKJ1wQdbl | Photo from NTF https://t.co/uLNqCki01f,0.0,1.0,0.0,0.0
270,"#Russia plans to end restrictions on breakouts to and from 52 countries after April 9, part of its plans to reduce‚Ä¶ https://t.co/nLN1Nf7WOB",0.224,0.776,0.0,-0.3818
271,"Covid - 19 satus in India : Vaccination, Testing and Active Cases as on 05 April, 2022, 8am
#IndiaFightsCorona https://t.co/C2IAiEDbIi",0.0,1.0,0.0,0.0
272,"Our Chief Scientific Officer, Dr Andrew Catchpole spoke with @USATODAY following our #COVID19 characterisation stud‚Ä¶ https://t.co/k7S5CzhQeb",0.0,1.0,0.0,0.0
273,"Titled ‚ÄúResponsible borrowing and combating abusive lending in the time of COVID-19,‚Äù speakers from CIC and SEC hig‚Ä¶ https://t.co/IZOnOIQdPr",0.167,0.833,0.0,-0.34
274,"Zimbabwe COVID-19 Update (4 April 2022)

Confirmed cases - 246 612

New cases - 87

Tests done - 2 759

Active case‚Ä¶ https://t.co/OdlHOgXo9W",0.0,1.0,0.0,0.0
275,"TAXO Daily Updates 
GST rate for COVID-19 medicines pegged at 5% GST: govt
Read:
https://t.co/8pEcGyXaCs

#gst‚Ä¶ https://t.co/I6humhW54B",0.0,1.0,0.0,0.0
276,"Martin:‚ÄùSpeaking last week, Biden ascribed the cutoff of funding for COVID-19 testing to ‚Äúcongressional inaction.‚Äù‚Ä¶ https://t.co/pAhFuxJUgi",0.0,1.0,0.0,0.0
277,Fall COVID-19 Vaccination Plan under Consideration l KBS¬†WORLD https://t.co/ExXcMsi6Uo,0.0,1.0,0.0,0.0
278,Today is the last day to have an input into defining what the public inquiry into the governments handling of the C‚Ä¶ https://t.co/sfH4ezr8gT,0.0,1.0,0.0,0.0
279,"@TheTorontoSun https://t.co/UM5GWKN2pP
‚ö†Ô∏èThe Timeline of COVID-19‚ö†Ô∏è MUST WATCH‚ÄºÔ∏è
Does experimental vaccines work wi‚Ä¶ https://t.co/dEqQseSCHZ",0.0,0.0,0.0,0.0
280,"The industry w/ the most COVID claims was Healthcare, the next highest was Education.

Yet Dr Henry says people wit‚Ä¶ https://t.co/EMvM57WYvz",0.0,1.0,0.0,0.0
281,"Starting new Art Project today  with @GCHSCP
1st of 10 events 

Asking Care home colleagues

What Matters to You?‚Ä¶ https://t.co/UXdzfONAsL",0.0,0.719,0.281,0.5106
282,Martin:‚ÄùBiden adm has used emergence of highly transmissible Omicron variant as a pretext to abandon all measures t‚Ä¶ https://t.co/aq3mdSYkD9,0.209,0.791,0.0,-0.4404
283,"@CityNewsTO https://t.co/UM5GWKN2pP
‚ö†Ô∏èThe Timeline of COVID-19‚ö†Ô∏è MUST WATCH‚ÄºÔ∏è
Does experimental vaccines work with‚Ä¶ https://t.co/0R46hYuhnr",0.0,0.0,0.0,0.0
284,"@lotta_hallstrom @Elinkeinoelama 3 times more likely to die of Covid-19 than unvaccinated individuals.‚Äù

https://t.co/s5X6evoDL8",0.315,0.484,0.202,-0.34
285,"Interview with #QPR CEO Lee Hoos about player development as key to building a sustainable future. 

üí∞ Had to finet‚Ä¶ https://t.co/AdwpyL9GGM",0.0,1.0,0.0,0.0
286,"05-04-22 08:36:10 0319153 Verviers, COVID 19 """,0.0,1.0,0.0,0.0
287,"@AJEnglish In 2020, North Korea's Kim Jong-un ordered refusal of international aid, fearing that external aid could‚Ä¶ https://t.co/6n5ydZLqxW",0.198,0.802,0.0,-0.4939
288,HomeServe accelerates performance amid Covid-19 headwinds https://t.co/LWsJS5XEyN https://t.co/vDCthjCfq2,0.0,1.0,0.0,0.0
289,"‚ÄúThe revised directive eschews requirements for face masks in outdoor areas with sufficient air circulation.
Howeve‚Ä¶ https://t.co/RmSJBep6Vw",0.0,1.0,0.0,0.0
290,Bradley Trewin from @BoschAustralia talks about their Ellume Project (a COVID-19 home test) and the challenges of s‚Ä¶ https://t.co/r8xPZZogON,0.0,1.0,0.0,0.0
291,@lotta_hallstrom ETTE.NYT.JUMALAUTA.OLE.TOSISSANNE?!?! @Elinkeinoelama ‚ÄùAn investigation of official Government dat‚Ä¶ https://t.co/0qb3wbKpOx,0.0,1.0,0.0,0.0
292,@fifteenforty 25 month's at home to protect my kids were not getting covid..I'm batshit crazy to most lol but I'll‚Ä¶ https://t.co/fl0VjpuWk7,0.0,0.625,0.375,0.6597
293,@courtne77267115 @AbraarKaran This too: https://t.co/xgj6xmkcmD,0.0,0.0,0.0,0.0
294,Shanghai sees new surge in Covid-19 cases | https://t.co/yHhN2nFT5l,0.0,1.0,0.0,0.0
295,@SandroDemaio I challenge everyone to go and look at the data and give me one reason why a teenager should take on‚Ä¶ https://t.co/vptydhkDUD,0.0,1.0,0.0,0.0
296,"Martin:‚ÄùDec, as Omicron surge was just beginning, Centers4Disease Control+Prevention (CDC) slashed recommended dura‚Ä¶ https://t.co/6ilGtraEwq",0.143,0.612,0.245,0.128
297,"‚ÄúWhilst we are talking elephants, what about the one in the room? Covid... if HMG's broader C-19 policy is causing‚Ä¶ https://t.co/eiNkT5C9t0",0.0,1.0,0.0,0.0
298,Counties With Highest Vaccination Rates See More COVID-19 Cases Than Least Vaccinated https://t.co/llm4cFihLj,0.0,1.0,0.0,0.0
299,How COVID-19 Transmitted With/out a Mask ? https://t.co/0mcJsjPVWg,0.0,1.0,0.0,0.0
300,Fourth wave scare: China extends lockdown as Shanghai sees new surge in Covid-19 cases | World¬†News https://t.co/2elaa71rVp,0.179,0.726,0.095,-0.3612
301,@SimoLove @SkyNewsAust @DanielAndrewsMP Why is Morrison criticising Victoria but not the other states with the same‚Ä¶ https://t.co/cKGOXJIDb1,0.0,1.0,0.0,0.0
302,Foreign-to-local skills transfer scheme hits Covid-19 roadblock https://t.co/GHECj7m610,0.0,1.0,0.0,0.0
303,"While Iran‚Äôs national carrier, Iran Air, says Iraq does not allow entry to visitors who have received Iranian-made‚Ä¶ https://t.co/g6fYWAzGwb",0.114,0.886,0.0,-0.1695
304,"#COVID19 vaccines remain effective against recombinant variants such as the recently reported XE in Thailand, healt‚Ä¶ https://t.co/lCyLlf5NMG",0.0,1.0,0.0,0.0
305,Patrollers of Bislig City Police Station conducted establishment visitation and distribution of IEC materials about‚Ä¶ https://t.co/9YJ09xn8Yb,0.0,1.0,0.0,0.0
306,"#Mizoram | Mizoram registered a total of 175 new COVID-19 cases, and zero fatality in the last 24 hours, as informe‚Ä¶ https://t.co/W7aTFOKiZC",0.212,0.788,0.0,-0.5423
307,"Starting new Art Project today  with @GCHSCP
1st of 10 events 
Asking Care home colleagues

What Matters to You?‚Ä¶ https://t.co/3vAafv7XSp",0.0,0.719,0.281,0.5106
308,The availability of documented and recorded data related to COVID-19 mortality and morbidity is far from perfect. B‚Ä¶ https://t.co/IJVyjfZxzn,0.0,0.73,0.27,0.5719
309,"The recombination of two Omicron lineages dubbed as 'Omicron XE' is showing signs of higher transmissibility, but i‚Ä¶ https://t.co/Fj2lltWTlw",0.0,1.0,0.0,0.0
310,"So, my article on IT/ITES came out. I explore issues surrounding covid-19 and invisible precarity of ""permanent"" em‚Ä¶ https://t.co/xNKeneIAlW",0.0,1.0,0.0,0.0
311,Can COVID-19 alter your personality? Here's what brain research shows. https://t.co/1CzoQGdyLw,0.0,1.0,0.0,0.0
312,@DanielJW_NZ @MegaMAGA_Mat @RReidFU @sootytweet @Dame__Jane @alex_nz_1 @nzhotdog1 What makes you think rejecting th‚Ä¶ https://t.co/9CuU0XPNQS,0.278,0.722,0.0,-0.4019
313,"31/ Yet we have the head of Ofsted doing media rounds without any mention of staff absence

Agreeing with JHB here‚Ä¶ https://t.co/orwPSeUBz4",0.0,1.0,0.0,0.0
314,does anyone actually click on the covid-19 tab on the twitter explore be honest,0.0,0.708,0.292,0.5106
315,"This is why I stopped listening to anything she had to say MONTHS ago.

#COVID #LongCovid #CovidIsNotOver #Covid_19‚Ä¶ https://t.co/xTDzoKNHF0",0.268,0.732,0.0,-0.296
316,Geert Vanden Bossche Predictions on evolution Covid 19 pandemic | Voice for Science and Solidarity https://t.co/qPDpCwaSmY,0.0,1.0,0.0,0.0
317,"Climate Change and the Covid-19 pandemic.
The science behind these two isn't based on measurable facts. Such scienc‚Ä¶ https://t.co/otfQYogLr6",0.0,1.0,0.0,0.0
318,@fifteenforty No? The narrative is that if you think you will *never* get COVID-19 that isn't a really sane positio‚Ä¶ https://t.co/ndLc4umTE5,0.0,1.0,0.0,0.0
319,"The #digitalisation of the retail sector has advanced rapidly during the COVID-19 pandemic. 

This Thursday: join u‚Ä¶ https://t.co/6T1lvyXczg",0.0,0.784,0.216,0.296
320,"@COV19FactFinder @griptmedia @DailyExposeTeam @DailyExposeGB I took a break from social media during COVID-19 lol,‚Ä¶ https://t.co/MYkfZA6Mog",0.0,0.682,0.318,0.4215
321,"@theprojecttv Stop ur fking racism against our boys u punk, son of a süí©üí©üí©üí©tt, if u hurt my boys especially my angel‚Ä¶ https://t.co/SukchNEOTn",0.519,0.481,0.0,-0.8658
322,The end of COVID-19 testing for the uninsured: The American ruling class doubles down on mass infection https://t.co/OVefChIJOD,0.0,1.0,0.0,0.0
323,@Dischem @Clicks_SA do you still conduct Covid-19 rapid tests?,0.0,1.0,0.0,0.0
324,"As per my analysis, it was the most successful Tenure in Pakistan's recent history despite Covid-19. Media has been‚Ä¶ https://t.co/1OB4P3mfot",0.0,0.73,0.27,0.5719
325,"Don't let Covid-19 bring you down! Instead, text a friend, and catch up.",0.0,0.686,0.314,0.4939
326,"#GIS Representation of #Covid_19 scenario for #India for 5th April 2022, prepared by @CSIR_NEERI
Total #Vaccination‚Ä¶ https://t.co/VZ10XRlWyk",0.0,1.0,0.0,0.0
327,"@British_Airways Hi, I‚Äôve just had an email saying my travel documents can‚Äôt be verified for Turkey as ‚ÄòYou haven‚Äôt‚Ä¶ https://t.co/sHaoD4FAps",0.0,1.0,0.0,0.0
328,"April 05, 2020 British Prime Minister Boris Johnson admitted to hospital suffering from COVID-19 #Today #OnThisDate‚Ä¶ https://t.co/btxbqyzsWp",0.215,0.675,0.11,-0.4019
329,"""In the week to March 26, 4.9mn Britons had Covid-19, the highest level recorded at any point during the pandemic,‚Ä¶ https://t.co/hutoy0mubR",0.0,1.0,0.0,0.0
330,@DeepakS25382928 @HYBE_Japan_twt @Jaenominpinkz @Von01357129 @JlHYOdwarf @hoonyin20yrs @BarbieTheeStar Lol no one a‚Ä¶ https://t.co/bhp5wNnwPB,0.0,0.517,0.483,0.4215
331,@Eurhythmi8 @eNCA Yet no one is being held accountable....while Sibongile Mangi has been sentence to 5 years for ju‚Ä¶ https://t.co/BZCXLFwO7M,0.0,1.0,0.0,0.0
332,"@Sflecce @fordnation COLLEGE DROPOUT, SERIAL LIAR, AND DRUG DEALER #DUMBFORD ü§° OOPS #DOUGFORD ü§Ø ALWAYS CUTTING SOME‚Ä¶ https://t.co/THxh4UEVNx",0.435,0.565,0.0,-0.6597
333,"Doctors believe thousands of new COVID-19 cases each day are going unreported in NSW
#Covid19NSW 
#auspol 
https://t.co/CJJwomWlAT",0.0,1.0,0.0,0.0
334,Each &amp; everyone from opposition to government all are supporting demands of Covid-19 Ayush doctors &amp; paramedics in‚Ä¶ https://t.co/tVle0Snezs,0.106,0.704,0.19,0.296
335,"@lapublichealth Los Angeles County 
COVID-19 DAILY UPDATE

Compared to a year ago, on
April 2, 2021, this year, on‚Ä¶ https://t.co/0g9g5X47QN",0.0,1.0,0.0,0.0
336,What a load of shit‚Ä¶..pretty much every symptom possible for any illness is now on this list! Not at all newsworthy‚Ä¶ https://t.co/R1yQ5rpSKJ,0.416,0.584,0.0,-0.7506
337,After the third wave of the COVID-19 pandemic we should prevent ourselves from the oncoming fourth wave. May God bless us,0.0,0.625,0.375,0.6124
338,"Tuberculosis is the second leading cause of death from infectious disease worldwide after COVID-19. Yet, many peopl‚Ä¶ https://t.co/H511dZ60gH",0.245,0.755,0.0,-0.5994
339,"Martin:‚ÄùThe rollback of testing is occurring internationally. On April 1, free COVID-19 testing ended in the UK, al‚Ä¶ https://t.co/mCc4OeE3Oi",0.0,0.784,0.216,0.5106
340,"Drought, flooding, conflict, COVID-19 and now the impact of the war in Ukraine.

The people of West Africa are faci‚Ä¶ https://t.co/04TRdyZxql",0.383,0.617,0.0,-0.7351
341,@CryptomalluC @catvillscoin Do token holders have right to participate in the governance of the project? On What ki‚Ä¶ https://t.co/FysxSoEGYR,0.0,1.0,0.0,0.0
342,"I wanted to ask, is COVID-19 on holiday?? Why are our twitter doctors not propagating the message anymore? 
Pls say something or‚Ä¶.",0.0,0.75,0.25,0.4588
343,"S. Korea Reports 266,135 New COVID-19 Cases. #QNA
https://t.co/G0QHxrSfWW https://t.co/q8IUDEUSvm",0.0,1.0,0.0,0.0
344,"COVID 19 Vaccination Rates by Country (Vaccination Tracker) | Apr 04, 2022 https://t.co/nq5IFWhz6q via @YouTube‚Ä¶ https://t.co/FhGz8VohUW",0.0,1.0,0.0,0.0
345,"Ummm - I‚Äôm sorry to be a downer for anyone who is ‚Äútired of the pandemic‚Äù, but this study about Sweden‚Äôs response t‚Ä¶ https://t.co/ISdplFtUzB",0.0,1.0,0.0,0.0
346,"MARK YOUR CALENDAR!
THE FIGHT FOR OUR LIVES IS UPON US!
(This is not hyperbole, dear friends‚Ä¶)‚Ä¶ https://t.co/6upy0O54pg",0.514,0.486,0.0,-0.7515
347,The covid-19 surge is controlled by human,0.0,1.0,0.0,0.0
348,UK's official weekly Covid reports. I read the latest (week 13) and was taken aback. It's worth every second of you‚Ä¶ https://t.co/tbx0iiFSG0,0.0,0.872,0.128,0.2263
349,"@zhang_heqing This is exceptional, COVID 19 would surely go one day but amazing stories of human cooperation and sa‚Ä¶ https://t.co/KjFxnBbGqR",0.0,0.85,0.15,0.3182
350,@SpeakerPelosi @DrTedros @WHO @SpeakerPelosi this man shouldn‚Äôt be in your office if we remember recent worldwide m‚Ä¶ https://t.co/v4bcuz1Ow8,0.0,1.0,0.0,0.0
351,Man in Germany gets 90 COVID-19 shots to sell forged passes https://t.co/HPINDhl2ig,0.0,1.0,0.0,0.0
352,"@jr_ok_ @mpc_xetts @DanielAndrewsMP Here‚Äôs a much more relevant study for you to ponder.

https://t.co/hU7G9a6jce https://t.co/DpWAeT3Kny",0.0,0.694,0.306,0.296
353,Thanks to PM @narendramodi Ji's prudent policy measures every sector of Indian economy is witnessing robust recover‚Ä¶ https://t.co/WA858W7Tig,0.0,0.692,0.308,0.5994
354,"795 new cases reported in the last 24 hours
#Coronavirus #Covid_19 #CovidVaccine #India #TenNewsLive #TenNewsIndia‚Ä¶ https://t.co/f7omVLCfpJ",0.0,1.0,0.0,0.0
355,Covid-19 temporary relief scheme to end soon ‚Äì Northglen News https://t.co/UB0aClvRg6,0.0,0.721,0.279,0.4767
356,COVID-19 Variants https://t.co/QmBo1Lqo2g via @FacebookWatch,0.0,1.0,0.0,0.0
357,"@CryptomalluC @catvillscoin Hello sir,
COVID-19 has slowed down many economies around the world but as a Crypto bus‚Ä¶ https://t.co/BATcDG9YwQ",0.0,1.0,0.0,0.0
358,"Bislig City Police Station conducted community engagement through distribution of IEC materials about RA 7610, RA 9‚Ä¶ https://t.co/8ggjAVpHoT",0.0,1.0,0.0,0.0
359,The DOH is finalizing arrangements to donate COVID-19 vaccines to Myanmar and Papua New Guinea. | @DFernandezINQ https://t.co/MEEz0bXBtW,0.0,1.0,0.0,0.0
360,"@CryptomalluC @catvillscoin COVID-19 has slowed down many economies around the world but as a crypto business, does‚Ä¶ https://t.co/xGiIuqLUo6",0.0,1.0,0.0,0.0
361,Covid-19 XE strain: Omicron variant spreads 10 per cent quicker than BA.2 https://t.co/maTB1LJNem via @newscomauHQ,0.098,0.902,0.0,-0.0516
362,"@SvenAnd10723386 Hard to protect against inflation. The best, as always, is to think long-term and diversify. 

To‚Ä¶ https://t.co/coS0mjE8j8",0.099,0.423,0.479,0.7506
363,South Korea‚Äòs daily COVID-19 cases drop to lowest in 6¬†weeks https://t.co/KcYoZxTRsy,0.402,0.598,0.0,-0.5719
364,Urged respected @DrPRChoudhary ji to regularise all Covid-19 Ayush doctors &amp; paramedics in madhyapradesh‚Ä¶ https://t.co/rJuSuajxqQ,0.0,0.763,0.237,0.4767
365,"#Unite2FightCorona 
Mask, a mark of responsibility!
Mask plays a key role in reducing probability of transmission &amp;‚Ä¶ https://t.co/TYCpodyZ4h",0.0,0.806,0.194,0.34
366,South Korea‚Äòs daily COVID-19 cases drop to lowest in 6¬†weeks https://t.co/qYWVeUwFKb,0.402,0.598,0.0,-0.5719
367,"@ProjectNewsLab @drprveenp https://t.co/Chkk0KVIzq

Sorry",0.0,0.0,0.0,0.0
368,"‚ÄúI want to be a teacher when I grow up. For me, education is as important as my mother‚Äôs love - I cannot do without‚Ä¶ https://t.co/l5l9eQNGYW",0.0,0.56,0.44,0.6705
369,Covid-19 lockdown in Shanghai -&gt; further problems for supply-chains that put pressure on inflation. This is not loo‚Ä¶ https://t.co/TSplfTm4G8,0.171,0.696,0.133,-0.1531
370,"NO TO FAKE COVID-19 VACCINE
#WeServeAndProtect 
#PNPKakampiMo 
#TeamZNPPO https://t.co/daVldGc7zN",0.508,0.492,0.0,-0.4767
371,@CryptomalluC @catvillscoin COVID 19 has slowed many economies around the world but as a crypto business has it aff‚Ä¶ https://t.co/BxpGfjdAyx,0.0,1.0,0.0,0.0
372,"Walk-in COVID-19, Booster &amp; Spring Booster Vaccination Clinics are coming to GILESGATE, DURHAM

üëâ Tuesday 5th April‚Ä¶ https://t.co/yumIFTmnD5",0.0,1.0,0.0,0.0
373,"@CryptomalluC @catvillscoin As you know Covid-19 has a large impact in the crypto Market, So How can your company m‚Ä¶ https://t.co/NIVh1kV1QQ",0.0,1.0,0.0,0.0
374,‚ÄòWe must ensure that govt doesn‚Äôt smuggle regulations into law‚Äô ‚Äì EFF on National Health Act https://t.co/Q8dsOXrNEj via @TheCitizen_News,0.0,1.0,0.0,0.0
375,"I just powered DreamLab for 7 hours, 58 minutes and  completed 16 calculations for project Corona-AI (Phase 5). You‚Ä¶ https://t.co/fFavvWd2zh",0.0,1.0,0.0,0.0
376,"Suburbs worst hit by Covid-19 have been revealed in new graphic
#Covid19Aus 
#auspol  https://t.co/ZyyPuUD9gg via @MailOnline",0.369,0.631,0.0,-0.6249
377,"Malaysia reports 10,002 Covid-19 cases, 28 deaths

https://t.co/5PNUbZyz9F",0.328,0.672,0.0,-0.5994
378,"Due to Covid 19 pandemic, only 14.12 lakh tourists visited India in 2021, down from 1.09 crores in 2019: Data",0.0,1.0,0.0,0.0
379,Back in her shed: RTE presenter Claire Byrne presents show from her shed for a second time after testing positive f‚Ä¶ https://t.co/NN8f8ot2Q7,0.0,1.0,0.0,0.0
380,"A gift of cough for a glass of cold water
A gift of COVID-19 for hugging humans in compassion
A gift of job for vac‚Ä¶ https://t.co/8AOxaPMyDG",0.0,0.459,0.541,0.8957
381,Health experts have several suggestions to limit the spread of COVID-19 after someone in a household tests positive‚Ä¶ https://t.co/bFO8SPjEIe,0.0,1.0,0.0,0.0
382,"The Omicron BA.2 subvariant is the dominant COVID-19 strain in the city, the latest wastewater analysis from the Un‚Ä¶ https://t.co/WmTh2zzn2w",0.098,0.902,0.0,-0.0516
383,India logs 795 new COVID-19 cases https://t.co/He1RGYQAvc,0.0,1.0,0.0,0.0
384,"Last month, Tesla shuttered its Shanghai factory for two days amid a spike in Covid-19 cases and closed the factory‚Ä¶ https://t.co/N17PoU7S6f",0.0,1.0,0.0,0.0
385,"COVID-19 measures reintroduced in China, Hong Kong
China has seen a huge increase  in COVID-19 cases since early 20‚Ä¶ https://t.co/CyCRuEDB0c",0.0,0.874,0.126,0.3182
386,Shanghai screens over 24 million residents for Covid-19 in one day. https://t.co/nLeitd9AoE,0.0,1.0,0.0,0.0
387,"MCS Family: Please refer to the latest MCS COVID-19 update published on April 05, 2022, at 4:15pm.

For detailed in‚Ä¶ https://t.co/6EwoFjGA4D",0.0,1.0,0.0,0.0
388,"When will we stop pushing the Fear Porn ? 

People want to move on with their lives so stop being drug pushers.

CO‚Ä¶ https://t.co/HdpznyBzyD",0.45,0.473,0.077,-0.743
389,I am a bot.  Would you like to ask about Covid 19 advice related to NZ? Please ask me a question by tweeting to me.,0.0,0.828,0.172,0.3612
390,Australian regions that boomed the most since Covid-19 revealed https://t.co/cFoiEJHXwC,0.0,1.0,0.0,0.0
391,"WASHINGTON (AP) ‚Äî Amid worries that the latest coronavirus variant could spark another rise in cases, Medicare anno‚Ä¶ https://t.co/RDee0OpLOP",0.0,0.872,0.128,0.2263
392,"Many Americans now can get a second COVID-19 booster, but it‚Äôs hard to tell who really needs another shot right now‚Ä¶ https://t.co/bDFtabQsII",0.097,0.903,0.0,-0.1027
393,"As of April 1, fully vaccinated travelers no longer need a pre-arrival COVID-19 test to enter Canada.

#immigration‚Ä¶ https://t.co/ONofiAQQEK",0.0,1.0,0.0,0.0
394,"Survey suggests Canadians becoming more divided over COVID-19, politics https://t.co/c7020aQT60",0.0,1.0,0.0,0.0
395,"A tenth of Egypt‚Äôs GDP comes from tourism, but revolution, terrorist attacks and Covid-19 have dented visitor numbe‚Ä¶ https://t.co/FkitLj9CGj",0.505,0.495,0.0,-0.8807
396,"As COVID-19 related restrictions get eased out in Delhi NCR, DJJS resumes its MONTHLY SPIRITUAL CONGREGATION at Div‚Ä¶ https://t.co/1vXGzb8AtP",0.167,0.833,0.0,-0.3818
397,The city hopes to turn the new swimmers into lifelong practitioners of the sport #TheMayorEU @Stadt_Wien #swimming‚Ä¶ https://t.co/PS00X2it0y,0.0,0.734,0.266,0.4404
398,The city hopes to turn the new swimmers into lifelong practitioners of the sport #TheMayorEU @Stadt_Wien #swimming‚Ä¶ https://t.co/kN6teU0HVp,0.0,0.734,0.266,0.4404
399,Australian regions that boomed the most since Covid-19 revealed https://t.co/DfcIkdikq4,0.0,1.0,0.0,0.0
400,"#COVID19 vaccines effective vs recombinant variant XE: health dept

https://t.co/wAjCqPb5EF",0.0,1.0,0.0,0.0
401,Patrollers of Bislig City Police Station conducted establishment visitation and distribution of IEC materials about‚Ä¶ https://t.co/pYvXkwx9Aj,0.0,1.0,0.0,0.0
402,"After 715 days, India reports less than 1,000 daily fresh Covid-19 cases https://t.co/6gKq2SBTFO 
@bsindia @IshaanGera",0.0,0.831,0.169,0.2585
403,"@CBCNews https://t.co/UM5GWKN2pP
‚ö†Ô∏èThe Timeline of COVID-19‚ö†Ô∏è MUST WATCH‚ÄºÔ∏è
Does experimental vaccines work with Cov‚Ä¶ https://t.co/9EJyLHst7G",0.0,0.0,0.0,0.0
404,@newscientist @_KEENIN_ I wonder if this is Graphine Oxide that the Almeria study in Spain found in the #Covid_19 jabs? ü§î,0.0,1.0,0.0,0.0
405,Health professionals have administered close to 29.5m doses of various #COVID-19 jabs since MoH kicked off a vaccin‚Ä¶ https://t.co/smMt5aEz27,0.0,1.0,0.0,0.0
406,@susanas4321 See the number here for NHS Fife (bottom of page). https://t.co/UsPqOmCcji,0.0,0.471,0.529,0.5423
407,"‚ÄòThe pandemic‚Äôs not over‚Äô: No need for mask mandate despite rise in COVID-19 numbers, says Toronto‚Äôs public health¬†‚Ä¶ https://t.co/88IHWWTLLU",0.0,0.909,0.091,0.0772
408,"OVER 10,000 DOWNLOADS.
I wrote this book to save lives. I think I may have helped. Download your FREE copy today. G‚Ä¶ https://t.co/k8mlWOxK6p",0.0,0.545,0.455,0.8481
409,Doctors believe thousands of new COVID-19 cases each day are going unreported in NSW https://t.co/mYGqRVdPDR via @ABCaustralia,0.0,1.0,0.0,0.0
410,67 people are in Borders hospitals with Covid-19 - back to last week's all time high. 354 new cases were recorded o‚Ä¶ https://t.co/5Dh8UGmyRQ,0.0,1.0,0.0,0.0
411,ADMINISTRATIVE staff have been drafted in to help on wards as the number of Covid-19 patients in Ayrshire‚Äôs hospita‚Ä¶ https://t.co/FIiBV1hvTn,0.0,0.692,0.308,0.4588
412,@minemanapturel @StreetEvolution @StreetPhotoInt @streetphotofdn Gm Mine ‚òÄÔ∏è wonderful shot no matter that it was do‚Ä¶ https://t.co/leRftV84do,0.0,0.784,0.216,0.0258
413,If you got Covid-19 you can eat a stranger out cuz you wont smell or taste it üòÇüòÇ,0.0,1.0,0.0,0.0
414,‚ÄúHouse-to-house visits don start‚Äù ‚Äì Reaction sparks as Jehovah‚Äôs Witnesses open Kingdom Halls two years after COVID‚Ä¶ https://t.co/Cxk5ntCBCA,0.0,0.872,0.128,0.2263
415,"A logo of Swiss pharmaceutical company Roche in Rotkreuz, Switzerland, on April 12, 2012. (Michael Buholzer/Reuters‚Ä¶ https://t.co/MOZfF0bqxp",0.0,1.0,0.0,0.0
416,"China reports 16,412 new daily #Covid_19 cases, the most since the pandemic began.",0.0,1.0,0.0,0.0
417,The CDC is now telling Johnson &amp; Johnson COVID-19 vaccine recipients to get two mRNA shots for greater protection a‚Ä¶ https://t.co/vyG6yhiNUl,0.0,0.718,0.282,0.6249
418,"@SherriBerner @TruthFairy27169 ""Research"". Here's the latest numbers. It's been very clear for over a year now that‚Ä¶ https://t.co/rCkefst86t",0.0,0.435,0.565,0.4404
419,"India reports 795 fresh Covid-19 cases, 58 deaths https://t.co/HX0XXKvInh",0.295,0.53,0.174,-0.3818
420,"@CryptoSpaceX01 @VikingPokerDAO COVID 19 has slowed down many economies around the world but as a crypto business,‚Ä¶ https://t.co/2OSrJWLoeU",0.0,1.0,0.0,0.0
421,"Shanghai began testing all 25 million of its residents for Covid-19, with the entire city effectively under a lockd‚Ä¶ https://t.co/Xa2Sfl1QpX",0.0,1.0,0.0,0.0
422,@MarkMcGowanMP Record ambulance ramping in Perth Australia. We know why --&gt; mRNA McGowan #Perthnews #Perth  https://t.co/MXeQcPWf7d,0.0,0.792,0.208,0.2732
423,"ùü≠ùüµùü¥ùü≥ ùóóùó∂ùòÄùóÆùòÄùòÅùó≤ùóø ùó†ùóÆùóªùóÆùó¥ùó≤ùó∫ùó≤ùóªùòÅ ùóîùó∞ùòÅ, ùüÆùü¨ùü¨ùüÆ (ùóîùó∞ùòÅ ùó°ùóº. ùü±ùü≥ ùóºùó≥ ùüÆùü¨ùü¨ùüÆ): Directions on the establishment of a COVID-19 Vaccine Inju‚Ä¶ https://t.co/RxdVJrDNKg",0.0,1.0,0.0,0.0
424,My friend @ZainR has created a petition to bring awarenes to the need for group therapy for those that have survive‚Ä¶ https://t.co/iCyPgRhI4O,0.0,0.714,0.286,0.4939
425,Martin:‚Äùlatest cut COVID-19 spending comes by eliminating entirely a Biden adm proposal2spend $5 billion as US cont‚Ä¶ https://t.co/UZXiREwXdS,0.13,0.87,0.0,-0.2732
426,"South Africa: Address by President Cyril Ramaphosa - South Africa's Response to Covid-19 (April 4, 2022)‚Ä¶ https://t.co/mIhBjEhDcC",0.0,1.0,0.0,0.0
427,"According to the president of Ghana, Covid 19 only happened in Ghana, Hence Ghanaians are feeling the impact more t‚Ä¶ https://t.co/gCTjUq2ipC",0.0,1.0,0.0,0.0
428,"APRIL 01, 2022
JUDICIAL WATCH
Judicial Watch Sues HHS for Records about Gov Agency Research into COVID-19 Boosters https://t.co/D5anWAWG19",0.0,1.0,0.0,0.0
429,"COVID-19: No end in sight for Shanghai lockdown as cases surge even higher - Sky News

https://t.co/1LL5tupcQO‚Ä¶ https://t.co/WM8e8ZberG",0.0,1.0,0.0,0.0
430,"Cute co-passenger dogs who only want to eat your food. üòç

https://t.co/jdkjM8k8Zq

#Dogexpress #Dogphotography‚Ä¶ https://t.co/0WVtI7qw5C",0.0,0.538,0.462,0.5106
431,"$22.5B ask from WH sought $12.2B funding for procurement of meds &amp; vaxs alone. Had WH gotten its way, $2B more towa‚Ä¶ https://t.co/w5E47c9cak",0.0,1.0,0.0,0.0
432,"New research confirms Cambodian children experienced extensive ""learning loss"" during COVID-19, requiring increased‚Ä¶ https://t.co/eNZ57Zccgd",0.161,0.839,0.0,-0.3182
433,"With 795 new #coronavirus infections reported in a day, India's total tally of #COVID-19 cases rose to 4,30,29,839,‚Ä¶ https://t.co/ZeORNaXP7M",0.0,1.0,0.0,0.0
434,Government of Canada launches second cycle of national survey to assess the health impacts of the COVID-19¬†‚Ä¶ https://t.co/9oduH0y4yk,0.0,1.0,0.0,0.0
435,#ArticleRewriting #ArticleWriting article writing: I need an article written on the impacts of covid-19 on the glob‚Ä¶ https://t.co/iV3y1HqdpW,0.0,1.0,0.0,0.0
436,https://t.co/tcGhAg8plD Every athlete that has tested positive for Covid-19 at Tokyo Olympics https://t.co/JIgq00yYYP,0.0,0.0,0.0,0.0
437,üëÄDid you know that 70% of consumers worlwide are paying more attention to whether their food contains‚Ä¶ https://t.co/qdtCZaINe4,0.149,0.851,0.0,-0.1027
438,Isn't Jungkook broke the regulations of Covid-19 to party? Isn't Kim Taehyung just got a picture of him smoking? An‚Ä¶ https://t.co/ZaKa3qJ1ct,0.219,0.781,0.0,-0.4215
439,Opposition parties unhappy with government keeping some Covid-19¬†regulations https://t.co/nK733BKHHN,0.0,1.0,0.0,0.0
440,More nations to use Texas based Covid-19 vaccine  https://t.co/mbQz0TKgc4,0.0,1.0,0.0,0.0
441,"https://t.co/0y5UH4zLpF Here we are now on this excursion of mine. I'm here,  you're there. I tell u what, I can fe‚Ä¶ https://t.co/nvsvA5kviM",0.0,0.0,0.0,0.0
442,"NC Dinos outfielders Kwon Hui-dong and Lee Myung-ki and infielder Park Min-woo, who received a 72-game ban after br‚Ä¶ https://t.co/bwJOPXeHun",0.159,0.705,0.137,-0.128
443,"Covid-19: Our silence, our voice

https://t.co/XeXQ2XmlP4

#greece&gt; Deadline: April 15, 2022
#resartis #artsresidency #artistresidency",0.0,1.0,0.0,0.0
444,"Last weekend the #AUSMAT travelled to Santo visiting the Northern Provincial Hospital, Sanma Emergency Medical Team‚Ä¶ https://t.co/EHpgt5vaRv",0.0,1.0,0.0,0.0
445,"Less than 24 months ago, l was a social media novice.üòÇ 
I only heard of Twitter or other platforms on people's conv‚Ä¶ https://t.co/FgTGZm18so",0.0,1.0,0.0,0.0
446,"@OMGTheMess @ronInBendigo It appears To. Has deleted his account.

Does this mean he has succumbed to COVID-19?",0.0,1.0,0.0,0.0
447,Last week ONS published data on likelihood of testing positive for Covid 19 and vaccination status https://t.co/m7DOxIc3xB,0.0,1.0,0.0,0.0
448,I have vaccineted a COVID-19 vaccin.,0.0,1.0,0.0,0.0
449,"@British_Airways absolutely the worst company I have ever flown with. Departing from Venice to the USA, they wouldn‚Ä¶ https://t.co/lNc22Ien8A",0.339,0.661,0.0,-0.6249
450,@Voices4Forrest We like @michaelfrost6's tweet about this... treat Racism like COVID-19... https://t.co/Dp2BvNi6oH,0.277,0.203,0.52,0.3818
451,@jjhorgan I also recently tested positive for COVID-19. Fortunately my symptoms were mild and this was down to bein‚Ä¶ https://t.co/fHtrXdimM0,0.0,1.0,0.0,0.0
452,"MOONPIG expect annual revenue for year ending 30 April 2022 will be circa ¬£300m, with the upgrade reflecting the te‚Ä¶ https://t.co/hI6fGeuOtt",0.0,1.0,0.0,0.0
453,#Thailand : No pre-travel #Covid19 tests for arrivals [ https://t.co/g9964JAuzr ] Il y a 20heures #Bangkok (VNA) Tr‚Ä¶ https://t.co/jVuRQWSSKT,0.0,1.0,0.0,0.0
454,"Andy Vermaut shares:COVID-19 pandemic shaping children‚Äôs career aspirations, survey shows: Doctors and nursery scho‚Ä¶ https://t.co/nUxWVuapSj",0.0,0.864,0.136,0.296
455,The national state of disaster is officially over after more than 700 days. President Cyril Ramaphosa made the anno‚Ä¶ https://t.co/OA2BtQwtu8,0.0,1.0,0.0,0.0
456,"üö®For 5 weeks in a row #Covid_19 hospital admissions in England üè¥Û†ÅßÛ†Å¢Û†Å•Û†ÅÆÛ†ÅßÛ†Åø are increasing.

üö®They are the worst figures‚Ä¶ https://t.co/RRdJhcFqdG",0.339,0.661,0.0,-0.6249
457,NEW DELHI: More than 15.70 crore balance and unutilized COVID-19 vaccine doses are still available with the states‚Ä¶ https://t.co/5yf5yX4PzE,0.0,1.0,0.0,0.0
458,"They didn‚Äôt know this before approving it for emergency use‚Ä¶ 

https://t.co/zsKujcrKcc",0.0,1.0,0.0,0.0
459,"The DOH does not expect the Omicron XE to dodge the efficacy of COVID-19 vaccines, a member of its Technical Adviso‚Ä¶ https://t.co/LMBp4RZ6fM",0.0,1.0,0.0,0.0
460,The PUP was first introduced as the Covid-19 pandemic struck in March 2020 and was originally intended to be a six-‚Ä¶ https://t.co/SD5roDPloF,0.154,0.846,0.0,-0.25
461,@VVElomaa Mr. Komulainen has been involved in EU level eHealth legal law work and Finnish laws including The Act on‚Ä¶ https://t.co/FFOe5AziEL,0.0,0.889,0.111,0.128
462,"Global #Covid caseload tops 491.3 million: Johns Hopkins University

#Covid_19 #Covid_19 
https://t.co/mN2LAOmKvG",0.0,0.833,0.167,0.2023
463,"Pakistan reports no Covid-19 death for second straight day

#arynews 

https://t.co/FHasBiI4Ry",0.331,0.508,0.161,-0.4588
464,"A new COVID-19 variant has been identified in the United Kingdom, but experts say there is no cause for alarm yet. https://t.co/7YcQIuXS6l",0.179,0.821,0.0,-0.34
465,"Wow, these are the capsules we made an ad for during the first outbreak of covid-19. The ad was made specifically f‚Ä¶ https://t.co/adlyr85N79",0.0,0.725,0.275,0.5859
466,"A new survey suggests Canadians are becoming more divided, with some saying issues have led them to reduce contact‚Ä¶ https://t.co/Msjf1TgIkk",0.0,1.0,0.0,0.0
467,"Martin:‚Äùimpact on low-income working people underscored by the Poor People‚Äôs Pandemic Report, Mon, found 300 poores‚Ä¶ https://t.co/6ViiLP2MY6",0.409,0.591,0.0,-0.8074
468,Travel &amp; Tourism Update: Sweden reopens for international travelers; removes all COVID-19 border restrictions.‚Ä¶ https://t.co/XQYeIG3NpH,0.178,0.822,0.0,-0.3818
469,"https://t.co/blxckTHnQo

Stranded outside Macau during COVID-19 isn‚Äôt reason to cancel residency: court https://t.co/TPMqkIOWjl",0.0,0.0,0.0,0.0
470,Moderna COVID-19 Vaccine Trial Results Not Strong Enough to Warrant Authorization for Children: Experts https://t.co/1G62ojdRox,0.184,0.816,0.0,-0.4023
471,"Workers are returning to offices full of empty desks, blank screens, and quiet staffrooms.

https://t.co/Ruyhj8rFwH",0.0,1.0,0.0,0.0
472,Moderna COVID-19 Vaccine Trial Results Not Strong Enough to Warrant Authorization for Children: Experts https://t.co/1G62ojdRox,0.184,0.816,0.0,-0.4023
473,"Hello everyone! We, my fellow researchers, are looking for respondents who have been admitted to the hospital as a‚Ä¶ https://t.co/NVSwqlyrgP",0.0,0.795,0.205,0.2023
474,‚ÄúWhy you at my door when au this f‚Äôkin Covid 19 goin oan?‚Äù üòÇüòÇüòÇ  https://t.co/8sDzerwouw,0.0,1.0,0.0,0.0
475,@JamesMelville Shakespeare said that the world is a stage! The lovers of literature staged a Covid-19 play upon this stage globally!,0.0,0.64,0.36,0.7351
476,"Four people die as South Australia records more than 5,000 COVID-19 cases  https://t.co/T7BhZjO8ri",0.302,0.698,0.0,-0.5994
477,@stustin @PierrePoilievre @CPC_HQ @TorontoStar Freedom to die of COVID-19 and infect their families.,0.298,0.382,0.321,0.0772
478,"For the treatment of covid 19 hospital charged ‚Çπ 3,33,043 /- for my  treatment in ICU for 8 day's  &amp; ‚Çπ 3,43,837/- f‚Ä¶ https://t.co/SDPFr3LF4t",0.0,1.0,0.0,0.0
479,"@drgsrao Hello sir,
My name is AMIT VILAS GOPAWAR from Chandrapur Maharashtra, In COVID second wave me &amp; my mother‚Ä¶ https://t.co/DL8tXlc7Ne",0.0,1.0,0.0,0.0
480,Harnessing the Knowledge of the COVID-19 Literature: From Scientific Text to Answers https://t.co/OMXaqru0rH,0.0,1.0,0.0,0.0
481,"THE TRUTH IS:
The more they vaxxed, the greater the spread!
It's a ""recombinant bat vaccine/poison, or its precurso‚Ä¶ https://t.co/NhPXo1oQ3y",0.245,0.42,0.336,0.0772
482,"If you are breathing, you have it.
If you are not breathing, it's going on your death certificate.
The NHS guidelines for Covid 19. ü§¶üèª‚Äç‚ôÇÔ∏è",0.0,0.558,0.442,0.7466
483,How COVID-19 has Accelerated Digital Transformation of Businesses https://t.co/9MvU1IPCof https://t.co/i9zWkBZMHP,0.0,1.0,0.0,0.0
484,[Dreamcatcher] Covid-19 : Yoohyeon  is back !  #Dreamcatcher @hf_dreamcatcher https://t.co/ckmPGnKCvA,0.0,1.0,0.0,0.0
485,@paul_frucht @JuliaRaifman @WHCOVIDResponse @CDCDirector THRESHOLDS what does that mean for the people science has‚Ä¶ https://t.co/YuqfoN4AkJ,0.0,1.0,0.0,0.0
486,Shanghai's COVID-19 testing capacity reaches 4m tubes daily https://t.co/HsorODyJFF,0.0,0.879,0.121,0.0258
487,@CryptoCrowd2011 @integri_t_e_e @Cryptocrowdnews COVID 19 has slowed down many economies around the world but as a‚Ä¶ https://t.co/9ftjsuAuPW,0.0,1.0,0.0,0.0
488,"Martin:‚ÄùAs poverty report+cutoff of US assistance2global vaccination programs both demonstrate, struggle against pa‚Ä¶ https://t.co/xleyzCdP5q",0.0,1.0,0.0,0.0
489,"China sends military, healthcare workers to Shanghai to conduct covid-19... https://t.co/ZMLYjxLCbe via @YouTube",0.0,1.0,0.0,0.0
490,"Another drug selectively inhibiting 3CL protease (like IVM) is going to be approved to treat COVID - In Japan -
https://t.co/z8xjnxHhoj",0.146,0.562,0.292,0.3818
491,@theprojecttv Until u given a apology to BTS u are face the worst thing in ur fkinggggg life. Good for nothing brat‚Ä¶ https://t.co/ZmodhkL6ks,0.241,0.588,0.171,-0.296
492,COVID 19 was a hoax n plandemic,0.412,0.588,0.0,-0.2732
493,"The Covid-19 national state of disaster comes to an end in #SouthAfrica, but transitional measures stay in place un‚Ä¶ https://t.co/RkQEjO9wKI",0.0,1.0,0.0,0.0
494,"@thevoiceguy We apologise for the confusion,@thevoiceguy. Please be informed that transit passengers are not requir‚Ä¶ https://t.co/44N9rs1Qvz",0.0,1.0,0.0,0.0
495,NSW covid-19 case numbers way out of what is reported each day. People not bothering to submit positivity or gettin‚Ä¶ https://t.co/eEgqTIv2LL,0.0,0.782,0.218,0.3261
496,"https://t.co/Eg7xo5JAuy

183 get COVID-19 jabs at Macau mobile station in 3 days https://t.co/KD7I87eVoA",0.0,0.0,0.0,0.0
497,"The last two years necessitated local innovation to tackle COVID-19. 

I'm speaking on April 7th from 930 to 1030 P‚Ä¶ https://t.co/cz6woggENL",0.0,1.0,0.0,0.0
498,"Read full news in Detail Link üëáüëá
https://t.co/5FdlyeXVuu
Visit Our Website And Get Updated with Daily News‚Ä¶ https://t.co/iTTTunV9lP",0.0,1.0,0.0,0.0
499,Equal treatment for equal risk: Should race be included in allocation algorithms for Covid-19 therapies?‚Ä¶ https://t.co/bOvhIl1dE7,0.174,0.826,0.0,-0.2732
